WHORegionName,Year,Iso3,CountryTerritoryArea,Specimen,PathogenName,AntibioticName,InterpretableAST,Resistant,ResistancePercentage,SourceFile
African Region,2020,ETH,Ethiopia,Bloodstream,Acinetobacter spp.,Amikacin,60,8,13.333333333,1784926461573_Resistance_to_antibiotics_in_2020_African_Region-Bloodstream.csv
African Region,2020,ETH,Ethiopia,Bloodstream,Acinetobacter spp.,Gentamicin,35,21,60,1784926461573_Resistance_to_antibiotics_in_2020_African_Region-Bloodstream.csv
African Region,2020,ETH,Ethiopia,Bloodstream,Acinetobacter spp.,Meropenem,46,31,67.391304348,1784926461573_Resistance_to_antibiotics_in_2020_African_Region-Bloodstream.csv
African Region,2020,LBR,Liberia,Bloodstream,Acinetobacter spp.,Imipenem,19,5,26.315789474,1784926461573_Resistance_to_antibiotics_in_2020_African_Region-Bloodstream.csv
African Region,2020,MWI,Malawi,Bloodstream,Acinetobacter spp.,Gentamicin,359,251,69.91643454,1784926461573_Resistance_to_antibiotics_in_2020_African_Region-Bloodstream.csv
African Region,2020,MWI,Malawi,Bloodstream,Acinetobacter spp.,Meropenem,359,277,77.158774373,1784926461573_Resistance_to_antibiotics_in_2020_African_Region-Bloodstream.csv
African Region,2020,MLI,Mali,Bloodstream,Acinetobacter spp.,Imipenem,13,4,30.769230769,1784926461573_Resistance_to_antibiotics_in_2020_African_Region-Bloodstream.csv
African Region,2020,MUS,Mauritius,Bloodstream,Acinetobacter spp.,Amikacin,291,158,54.295532646,1784926461573_Resistance_to_antibiotics_in_2020_African_Region-Bloodstream.csv
African Region,2020,MUS,Mauritius,Bloodstream,Acinetobacter spp.,Colistin,288,24,8.333333333,1784926461573_Resistance_to_antibiotics_in_2020_African_Region-Bloodstream.csv
African Region,2020,MUS,Mauritius,Bloodstream,Acinetobacter spp.,Gentamicin,289,187,64.705882353,1784926461573_Resistance_to_antibiotics_in_2020_African_Region-Bloodstream.csv
African Region,2020,MUS,Mauritius,Bloodstream,Acinetobacter spp.,Imipenem,288,192,66.666666667,1784926461573_Resistance_to_antibiotics_in_2020_African_Region-Bloodstream.csv
African Region,2020,MUS,Mauritius,Bloodstream,Acinetobacter spp.,Meropenem,288,191,66.319444444,1784926461573_Resistance_to_antibiotics_in_2020_African_Region-Bloodstream.csv
African Region,2020,NGA,Nigeria,Bloodstream,Acinetobacter spp.,Amikacin,12,4,33.333333333,1784926461573_Resistance_to_antibiotics_in_2020_African_Region-Bloodstream.csv
African Region,2020,ZAF,South Africa,Bloodstream,Acinetobacter spp.,Amikacin,2606,1606,61.627014582,1784926461573_Resistance_to_antibiotics_in_2020_African_Region-Bloodstream.csv
African Region,2020,ZAF,South Africa,Bloodstream,Acinetobacter spp.,Gentamicin,4544,3178,69.938380282,1784926461573_Resistance_to_antibiotics_in_2020_African_Region-Bloodstream.csv
African Region,2020,ZAF,South Africa,Bloodstream,Acinetobacter spp.,Imipenem,4452,3277,73.607367475,1784926461573_Resistance_to_antibiotics_in_2020_African_Region-Bloodstream.csv
African Region,2020,ZAF,South Africa,Bloodstream,Acinetobacter spp.,Meropenem,4502,3331,73.989338072,1784926461573_Resistance_to_antibiotics_in_2020_African_Region-Bloodstream.csv
African Region,2020,ZAF,South Africa,Bloodstream,Acinetobacter spp.,Minocycline,55,32,58.181818182,1784926461573_Resistance_to_antibiotics_in_2020_African_Region-Bloodstream.csv
African Region,2020,ZAF,South Africa,Bloodstream,Acinetobacter spp.,Tigecycline,3166,73,2.305748579,1784926461573_Resistance_to_antibiotics_in_2020_African_Region-Bloodstream.csv
African Region,2020,TZA,United Republic of Tanzania,Bloodstream,Acinetobacter spp.,Gentamicin,15,5,33.333333333,1784926461573_Resistance_to_antibiotics_in_2020_African_Region-Bloodstream.csv
African Region,2020,ZMB,Zambia,Bloodstream,Acinetobacter spp.,Gentamicin,11,6,54.545454545,1784926461573_Resistance_to_antibiotics_in_2020_African_Region-Bloodstream.csv
African Region,2021,COD,Democratic Republic of the Congo,Bloodstream,Acinetobacter spp.,Gentamicin,18,7,38.888888889,1784926461572_Resistance_to_antibiotics_in_2021_African_Region-Bloodstream.csv
African Region,2021,COD,Democratic Republic of the Congo,Bloodstream,Acinetobacter spp.,Imipenem,10,5,50,1784926461572_Resistance_to_antibiotics_in_2021_African_Region-Bloodstream.csv
African Region,2021,ETH,Ethiopia,Bloodstream,Acinetobacter spp.,Amikacin,41,11,26.829268293,1784926461572_Resistance_to_antibiotics_in_2021_African_Region-Bloodstream.csv
African Region,2021,ETH,Ethiopia,Bloodstream,Acinetobacter spp.,Gentamicin,72,42,58.333333333,1784926461572_Resistance_to_antibiotics_in_2021_African_Region-Bloodstream.csv
African Region,2021,ETH,Ethiopia,Bloodstream,Acinetobacter spp.,Imipenem,23,16,69.565217391,1784926461572_Resistance_to_antibiotics_in_2021_African_Region-Bloodstream.csv
African Region,2021,ETH,Ethiopia,Bloodstream,Acinetobacter spp.,Meropenem,50,27,54,1784926461572_Resistance_to_antibiotics_in_2021_African_Region-Bloodstream.csv
African Region,2021,GHA,Ghana,Bloodstream,Acinetobacter spp.,Amikacin,88,10,11.363636364,1784926461572_Resistance_to_antibiotics_in_2021_African_Region-Bloodstream.csv
African Region,2021,GHA,Ghana,Bloodstream,Acinetobacter spp.,Gentamicin,90,41,45.555555556,1784926461572_Resistance_to_antibiotics_in_2021_African_Region-Bloodstream.csv
African Region,2021,GHA,Ghana,Bloodstream,Acinetobacter spp.,Meropenem,55,45,81.818181818,1784926461572_Resistance_to_antibiotics_in_2021_African_Region-Bloodstream.csv
African Region,2021,KEN,Kenya,Bloodstream,Acinetobacter spp.,Gentamicin,20,12,60,1784926461572_Resistance_to_antibiotics_in_2021_African_Region-Bloodstream.csv
African Region,2021,KEN,Kenya,Bloodstream,Acinetobacter spp.,Meropenem,20,12,60,1784926461572_Resistance_to_antibiotics_in_2021_African_Region-Bloodstream.csv
African Region,2021,MLI,Mali,Bloodstream,Acinetobacter spp.,Amikacin,21,0,0,1784926461572_Resistance_to_antibiotics_in_2021_African_Region-Bloodstream.csv
African Region,2021,MLI,Mali,Bloodstream,Acinetobacter spp.,Gentamicin,21,7,33.333333333,1784926461572_Resistance_to_antibiotics_in_2021_African_Region-Bloodstream.csv
African Region,2021,MUS,Mauritius,Bloodstream,Acinetobacter spp.,Amikacin,257,161,62.645914397,1784926461572_Resistance_to_antibiotics_in_2021_African_Region-Bloodstream.csv
African Region,2021,MUS,Mauritius,Bloodstream,Acinetobacter spp.,Colistin,256,6,2.34375,1784926461572_Resistance_to_antibiotics_in_2021_African_Region-Bloodstream.csv
African Region,2021,MUS,Mauritius,Bloodstream,Acinetobacter spp.,Gentamicin,258,185,71.705426357,1784926461572_Resistance_to_antibiotics_in_2021_African_Region-Bloodstream.csv
African Region,2021,MUS,Mauritius,Bloodstream,Acinetobacter spp.,Imipenem,257,191,74.319066148,1784926461572_Resistance_to_antibiotics_in_2021_African_Region-Bloodstream.csv
African Region,2021,MUS,Mauritius,Bloodstream,Acinetobacter spp.,Meropenem,256,191,74.609375,1784926461572_Resistance_to_antibiotics_in_2021_African_Region-Bloodstream.csv
African Region,2021,MOZ,Mozambique,Bloodstream,Acinetobacter spp.,Amikacin,13,2,15.384615385,1784926461572_Resistance_to_antibiotics_in_2021_African_Region-Bloodstream.csv
African Region,2021,MOZ,Mozambique,Bloodstream,Acinetobacter spp.,Gentamicin,13,11,84.615384615,1784926461572_Resistance_to_antibiotics_in_2021_African_Region-Bloodstream.csv
African Region,2021,MOZ,Mozambique,Bloodstream,Acinetobacter spp.,Imipenem,13,3,23.076923077,1784926461572_Resistance_to_antibiotics_in_2021_African_Region-Bloodstream.csv
African Region,2021,MOZ,Mozambique,Bloodstream,Acinetobacter spp.,Meropenem,13,3,23.076923077,1784926461572_Resistance_to_antibiotics_in_2021_African_Region-Bloodstream.csv
African Region,2021,ZAF,South Africa,Bloodstream,Acinetobacter spp.,Amikacin,2391,1768,73.943956504,1784926461572_Resistance_to_antibiotics_in_2021_African_Region-Bloodstream.csv
African Region,2021,ZAF,South Africa,Bloodstream,Acinetobacter spp.,Gentamicin,4871,3762,77.232601109,1784926461572_Resistance_to_antibiotics_in_2021_African_Region-Bloodstream.csv
African Region,2021,ZAF,South Africa,Bloodstream,Acinetobacter spp.,Imipenem,4881,3971,81.356279451,1784926461572_Resistance_to_antibiotics_in_2021_African_Region-Bloodstream.csv
African Region,2021,ZAF,South Africa,Bloodstream,Acinetobacter spp.,Meropenem,4879,3993,81.840541094,1784926461572_Resistance_to_antibiotics_in_2021_African_Region-Bloodstream.csv
African Region,2021,ZAF,South Africa,Bloodstream,Acinetobacter spp.,Tigecycline,3659,105,2.869636513,1784926461572_Resistance_to_antibiotics_in_2021_African_Region-Bloodstream.csv
African Region,2021,TZA,United Republic of Tanzania,Bloodstream,Acinetobacter spp.,Gentamicin,55,24,43.636363636,1784926461572_Resistance_to_antibiotics_in_2021_African_Region-Bloodstream.csv
African Region,2021,TZA,United Republic of Tanzania,Bloodstream,Acinetobacter spp.,Imipenem,12,2,16.666666667,1784926461572_Resistance_to_antibiotics_in_2021_African_Region-Bloodstream.csv
African Region,2021,TZA,United Republic of Tanzania,Bloodstream,Acinetobacter spp.,Meropenem,53,12,22.641509434,1784926461572_Resistance_to_antibiotics_in_2021_African_Region-Bloodstream.csv
African Region,2021,ZMB,Zambia,Bloodstream,Acinetobacter spp.,Gentamicin,28,12,42.857142857,1784926461572_Resistance_to_antibiotics_in_2021_African_Region-Bloodstream.csv
African Region,2021,ZMB,Zambia,Bloodstream,Acinetobacter spp.,Imipenem,15,4,26.666666667,1784926461572_Resistance_to_antibiotics_in_2021_African_Region-Bloodstream.csv
African Region,2021,ZMB,Zambia,Bloodstream,Acinetobacter spp.,Meropenem,13,4,30.769230769,1784926461572_Resistance_to_antibiotics_in_2021_African_Region-Bloodstream.csv
African Region,2022,BEN,Benin,Bloodstream,Acinetobacter spp.,Amikacin,146,9,6.164383562,Resistance_to_antibiotics_in_2022_African_Region-Bloodstream.csv
African Region,2022,BEN,Benin,Bloodstream,Acinetobacter spp.,Gentamicin,152,68,44.736842105,Resistance_to_antibiotics_in_2022_African_Region-Bloodstream.csv
African Region,2022,BEN,Benin,Bloodstream,Acinetobacter spp.,Imipenem,147,44,29.931972789,Resistance_to_antibiotics_in_2022_African_Region-Bloodstream.csv
African Region,2022,BEN,Benin,Bloodstream,Acinetobacter spp.,Meropenem,145,47,32.413793103,Resistance_to_antibiotics_in_2022_African_Region-Bloodstream.csv
African Region,2022,CMR,Cameroon,Bloodstream,Acinetobacter spp.,Amikacin,14,4,28.571428571,Resistance_to_antibiotics_in_2022_African_Region-Bloodstream.csv
African Region,2022,CMR,Cameroon,Bloodstream,Acinetobacter spp.,Gentamicin,14,4,28.571428571,Resistance_to_antibiotics_in_2022_African_Region-Bloodstream.csv
African Region,2022,CMR,Cameroon,Bloodstream,Acinetobacter spp.,Imipenem,18,5,27.777777778,Resistance_to_antibiotics_in_2022_African_Region-Bloodstream.csv
African Region,2022,CMR,Cameroon,Bloodstream,Acinetobacter spp.,Meropenem,14,4,28.571428571,Resistance_to_antibiotics_in_2022_African_Region-Bloodstream.csv
African Region,2022,COD,Democratic Republic of the Congo,Bloodstream,Acinetobacter spp.,Gentamicin,25,11,44,Resistance_to_antibiotics_in_2022_African_Region-Bloodstream.csv
African Region,2022,ETH,Ethiopia,Bloodstream,Acinetobacter spp.,Amikacin,105,36,34.285714286,Resistance_to_antibiotics_in_2022_African_Region-Bloodstream.csv
African Region,2022,ETH,Ethiopia,Bloodstream,Acinetobacter spp.,Gentamicin,117,77,65.811965812,Resistance_to_antibiotics_in_2022_African_Region-Bloodstream.csv
African Region,2022,ETH,Ethiopia,Bloodstream,Acinetobacter spp.,Imipenem,28,18,64.285714286,Resistance_to_antibiotics_in_2022_African_Region-Bloodstream.csv
African Region,2022,ETH,Ethiopia,Bloodstream,Acinetobacter spp.,Meropenem,107,59,55.140186916,Resistance_to_antibiotics_in_2022_African_Region-Bloodstream.csv
African Region,2022,GHA,Ghana,Bloodstream,Acinetobacter spp.,Amikacin,31,6,19.35483871,Resistance_to_antibiotics_in_2022_African_Region-Bloodstream.csv
African Region,2022,GHA,Ghana,Bloodstream,Acinetobacter spp.,Gentamicin,22,7,31.818181818,Resistance_to_antibiotics_in_2022_African_Region-Bloodstream.csv
African Region,2022,GHA,Ghana,Bloodstream,Acinetobacter spp.,Meropenem,40,9,22.5,Resistance_to_antibiotics_in_2022_African_Region-Bloodstream.csv
African Region,2022,MLI,Mali,Bloodstream,Acinetobacter spp.,Amikacin,18,2,11.111111111,Resistance_to_antibiotics_in_2022_African_Region-Bloodstream.csv
African Region,2022,MLI,Mali,Bloodstream,Acinetobacter spp.,Gentamicin,17,8,47.058823529,Resistance_to_antibiotics_in_2022_African_Region-Bloodstream.csv
African Region,2022,MUS,Mauritius,Bloodstream,Acinetobacter spp.,Amikacin,211,156,73.933649289,Resistance_to_antibiotics_in_2022_African_Region-Bloodstream.csv
African Region,2022,MUS,Mauritius,Bloodstream,Acinetobacter spp.,Colistin,211,1,0.473933649,Resistance_to_antibiotics_in_2022_African_Region-Bloodstream.csv
African Region,2022,MUS,Mauritius,Bloodstream,Acinetobacter spp.,Gentamicin,211,176,83.412322275,Resistance_to_antibiotics_in_2022_African_Region-Bloodstream.csv
African Region,2022,MUS,Mauritius,Bloodstream,Acinetobacter spp.,Imipenem,211,173,81.990521327,Resistance_to_antibiotics_in_2022_African_Region-Bloodstream.csv
African Region,2022,MUS,Mauritius,Bloodstream,Acinetobacter spp.,Meropenem,211,174,82.464454976,Resistance_to_antibiotics_in_2022_African_Region-Bloodstream.csv
African Region,2022,MOZ,Mozambique,Bloodstream,Acinetobacter spp.,Amikacin,20,2,10,Resistance_to_antibiotics_in_2022_African_Region-Bloodstream.csv
African Region,2022,MOZ,Mozambique,Bloodstream,Acinetobacter spp.,Gentamicin,20,13,65,Resistance_to_antibiotics_in_2022_African_Region-Bloodstream.csv
African Region,2022,MOZ,Mozambique,Bloodstream,Acinetobacter spp.,Imipenem,20,12,60,Resistance_to_antibiotics_in_2022_African_Region-Bloodstream.csv
African Region,2022,MOZ,Mozambique,Bloodstream,Acinetobacter spp.,Meropenem,20,7,35,Resistance_to_antibiotics_in_2022_African_Region-Bloodstream.csv
African Region,2022,MOZ,Mozambique,Bloodstream,Acinetobacter spp.,Minocycline,17,1,5.882352941,Resistance_to_antibiotics_in_2022_African_Region-Bloodstream.csv
African Region,2022,NAM,Namibia,Bloodstream,Acinetobacter spp.,Amikacin,24,11,45.833333333,Resistance_to_antibiotics_in_2022_African_Region-Bloodstream.csv
African Region,2022,NAM,Namibia,Bloodstream,Acinetobacter spp.,Gentamicin,34,12,35.294117647,Resistance_to_antibiotics_in_2022_African_Region-Bloodstream.csv
African Region,2022,NAM,Namibia,Bloodstream,Acinetobacter spp.,Imipenem,34,13,38.235294118,Resistance_to_antibiotics_in_2022_African_Region-Bloodstream.csv
African Region,2022,NAM,Namibia,Bloodstream,Acinetobacter spp.,Meropenem,34,13,38.235294118,Resistance_to_antibiotics_in_2022_African_Region-Bloodstream.csv
African Region,2022,ZAF,South Africa,Bloodstream,Acinetobacter spp.,Amikacin,2822,1507,53.401842665,Resistance_to_antibiotics_in_2022_African_Region-Bloodstream.csv
African Region,2022,ZAF,South Africa,Bloodstream,Acinetobacter spp.,Gentamicin,5493,3581,65.192062625,Resistance_to_antibiotics_in_2022_African_Region-Bloodstream.csv
African Region,2022,ZAF,South Africa,Bloodstream,Acinetobacter spp.,Imipenem,5455,3846,70.504124656,Resistance_to_antibiotics_in_2022_African_Region-Bloodstream.csv
African Region,2022,ZAF,South Africa,Bloodstream,Acinetobacter spp.,Meropenem,5461,3917,71.726789965,Resistance_to_antibiotics_in_2022_African_Region-Bloodstream.csv
African Region,2022,ZAF,South Africa,Bloodstream,Acinetobacter spp.,Minocycline,52,34,65.384615385,Resistance_to_antibiotics_in_2022_African_Region-Bloodstream.csv
African Region,2022,ZAF,South Africa,Bloodstream,Acinetobacter spp.,Tigecycline,4190,75,1.789976134,Resistance_to_antibiotics_in_2022_African_Region-Bloodstream.csv
African Region,2022,TZA,United Republic of Tanzania,Bloodstream,Acinetobacter spp.,Amikacin,168,58,34.523809524,Resistance_to_antibiotics_in_2022_African_Region-Bloodstream.csv
African Region,2022,TZA,United Republic of Tanzania,Bloodstream,Acinetobacter spp.,Gentamicin,180,101,56.111111111,Resistance_to_antibiotics_in_2022_African_Region-Bloodstream.csv
African Region,2022,TZA,United Republic of Tanzania,Bloodstream,Acinetobacter spp.,Meropenem,164,78,47.56097561,Resistance_to_antibiotics_in_2022_African_Region-Bloodstream.csv
African Region,2022,ZMB,Zambia,Bloodstream,Acinetobacter spp.,Amikacin,14,0,0,Resistance_to_antibiotics_in_2022_African_Region-Bloodstream.csv
African Region,2023,DZA,Algeria,Bloodstream,Acinetobacter spp.,Amikacin,192,151,78.645833333,Resistance_to_antibiotics_in_2023_African_Region-Bloodstream.csv
African Region,2023,DZA,Algeria,Bloodstream,Acinetobacter spp.,Colistin,99,0,0,Resistance_to_antibiotics_in_2023_African_Region-Bloodstream.csv
African Region,2023,DZA,Algeria,Bloodstream,Acinetobacter spp.,Gentamicin,162,143,88.271604938,Resistance_to_antibiotics_in_2023_African_Region-Bloodstream.csv
African Region,2023,DZA,Algeria,Bloodstream,Acinetobacter spp.,Imipenem,211,180,85.308056872,Resistance_to_antibiotics_in_2023_African_Region-Bloodstream.csv
African Region,2023,DZA,Algeria,Bloodstream,Acinetobacter spp.,Meropenem,33,31,93.939393939,Resistance_to_antibiotics_in_2023_African_Region-Bloodstream.csv
African Region,2023,DZA,Algeria,Bloodstream,Acinetobacter spp.,Minocycline,22,18,81.818181818,Resistance_to_antibiotics_in_2023_African_Region-Bloodstream.csv
African Region,2023,BEN,Benin,Bloodstream,Acinetobacter spp.,Amikacin,159,15,9.433962264,Resistance_to_antibiotics_in_2023_African_Region-Bloodstream.csv
African Region,2023,BEN,Benin,Bloodstream,Acinetobacter spp.,Gentamicin,138,71,51.449275362,Resistance_to_antibiotics_in_2023_African_Region-Bloodstream.csv
African Region,2023,BEN,Benin,Bloodstream,Acinetobacter spp.,Imipenem,166,52,31.325301205,Resistance_to_antibiotics_in_2023_African_Region-Bloodstream.csv
African Region,2023,BEN,Benin,Bloodstream,Acinetobacter spp.,Meropenem,159,51,32.075471698,Resistance_to_antibiotics_in_2023_African_Region-Bloodstream.csv
African Region,2023,BFA,Burkina Faso,Bloodstream,Acinetobacter spp.,Amikacin,14,0,0,Resistance_to_antibiotics_in_2023_African_Region-Bloodstream.csv
African Region,2023,BFA,Burkina Faso,Bloodstream,Acinetobacter spp.,Gentamicin,16,10,62.5,Resistance_to_antibiotics_in_2023_African_Region-Bloodstream.csv
African Region,2023,BFA,Burkina Faso,Bloodstream,Acinetobacter spp.,Imipenem,16,10,62.5,Resistance_to_antibiotics_in_2023_African_Region-Bloodstream.csv
African Region,2023,BFA,Burkina Faso,Bloodstream,Acinetobacter spp.,Meropenem,11,7,63.636363636,Resistance_to_antibiotics_in_2023_African_Region-Bloodstream.csv
African Region,2023,CMR,Cameroon,Bloodstream,Acinetobacter spp.,Amikacin,14,3,21.428571429,Resistance_to_antibiotics_in_2023_African_Region-Bloodstream.csv
African Region,2023,CMR,Cameroon,Bloodstream,Acinetobacter spp.,Gentamicin,20,8,40,Resistance_to_antibiotics_in_2023_African_Region-Bloodstream.csv
African Region,2023,CMR,Cameroon,Bloodstream,Acinetobacter spp.,Imipenem,20,6,30,Resistance_to_antibiotics_in_2023_African_Region-Bloodstream.csv
African Region,2023,COD,Democratic Republic of the Congo,Bloodstream,Acinetobacter spp.,Amikacin,30,14,46.666666667,Resistance_to_antibiotics_in_2023_African_Region-Bloodstream.csv
African Region,2023,COD,Democratic Republic of the Congo,Bloodstream,Acinetobacter spp.,Gentamicin,33,21,63.636363636,Resistance_to_antibiotics_in_2023_African_Region-Bloodstream.csv
African Region,2023,COD,Democratic Republic of the Congo,Bloodstream,Acinetobacter spp.,Imipenem,21,16,76.19047619,Resistance_to_antibiotics_in_2023_African_Region-Bloodstream.csv
African Region,2023,ETH,Ethiopia,Bloodstream,Acinetobacter spp.,Amikacin,233,63,27.038626609,Resistance_to_antibiotics_in_2023_African_Region-Bloodstream.csv
African Region,2023,ETH,Ethiopia,Bloodstream,Acinetobacter spp.,Gentamicin,382,218,57.068062827,Resistance_to_antibiotics_in_2023_African_Region-Bloodstream.csv
African Region,2023,ETH,Ethiopia,Bloodstream,Acinetobacter spp.,Imipenem,28,12,42.857142857,Resistance_to_antibiotics_in_2023_African_Region-Bloodstream.csv
African Region,2023,ETH,Ethiopia,Bloodstream,Acinetobacter spp.,Meropenem,361,165,45.706371191,Resistance_to_antibiotics_in_2023_African_Region-Bloodstream.csv
African Region,2023,GHA,Ghana,Bloodstream,Acinetobacter spp.,Amikacin,23,3,13.043478261,Resistance_to_antibiotics_in_2023_African_Region-Bloodstream.csv
African Region,2023,GHA,Ghana,Bloodstream,Acinetobacter spp.,Gentamicin,28,12,42.857142857,Resistance_to_antibiotics_in_2023_African_Region-Bloodstream.csv
African Region,2023,GHA,Ghana,Bloodstream,Acinetobacter spp.,Meropenem,18,9,50,Resistance_to_antibiotics_in_2023_African_Region-Bloodstream.csv
African Region,2023,KEN,Kenya,Bloodstream,Acinetobacter spp.,Amikacin,31,7,22.580645161,Resistance_to_antibiotics_in_2023_African_Region-Bloodstream.csv
African Region,2023,KEN,Kenya,Bloodstream,Acinetobacter spp.,Gentamicin,83,41,49.397590361,Resistance_to_antibiotics_in_2023_African_Region-Bloodstream.csv
African Region,2023,KEN,Kenya,Bloodstream,Acinetobacter spp.,Meropenem,72,50,69.444444444,Resistance_to_antibiotics_in_2023_African_Region-Bloodstream.csv
African Region,2023,MWI,Malawi,Bloodstream,Acinetobacter spp.,Amikacin,46,7,15.217391304,Resistance_to_antibiotics_in_2023_African_Region-Bloodstream.csv
African Region,2023,MWI,Malawi,Bloodstream,Acinetobacter spp.,Gentamicin,48,30,62.5,Resistance_to_antibiotics_in_2023_African_Region-Bloodstream.csv
African Region,2023,MWI,Malawi,Bloodstream,Acinetobacter spp.,Meropenem,53,22,41.509433962,Resistance_to_antibiotics_in_2023_African_Region-Bloodstream.csv
African Region,2023,MLI,Mali,Bloodstream,Acinetobacter spp.,Amikacin,23,0,0,Resistance_to_antibiotics_in_2023_African_Region-Bloodstream.csv
African Region,2023,MLI,Mali,Bloodstream,Acinetobacter spp.,Gentamicin,22,6,27.272727273,Resistance_to_antibiotics_in_2023_African_Region-Bloodstream.csv
African Region,2023,MLI,Mali,Bloodstream,Acinetobacter spp.,Imipenem,20,7,35,Resistance_to_antibiotics_in_2023_African_Region-Bloodstream.csv
African Region,2023,MLI,Mali,Bloodstream,Acinetobacter spp.,Meropenem,10,4,40,Resistance_to_antibiotics_in_2023_African_Region-Bloodstream.csv
African Region,2023,MUS,Mauritius,Bloodstream,Acinetobacter spp.,Amikacin,213,155,72.769953052,Resistance_to_antibiotics_in_2023_African_Region-Bloodstream.csv
African Region,2023,MUS,Mauritius,Bloodstream,Acinetobacter spp.,Colistin,213,1,0.469483568,Resistance_to_antibiotics_in_2023_African_Region-Bloodstream.csv
African Region,2023,MUS,Mauritius,Bloodstream,Acinetobacter spp.,Gentamicin,213,182,85.44600939,Resistance_to_antibiotics_in_2023_African_Region-Bloodstream.csv
African Region,2023,MUS,Mauritius,Bloodstream,Acinetobacter spp.,Imipenem,213,179,84.037558685,Resistance_to_antibiotics_in_2023_African_Region-Bloodstream.csv
African Region,2023,MUS,Mauritius,Bloodstream,Acinetobacter spp.,Meropenem,213,181,84.976525822,Resistance_to_antibiotics_in_2023_African_Region-Bloodstream.csv
African Region,2023,MOZ,Mozambique,Bloodstream,Acinetobacter spp.,Gentamicin,11,6,54.545454545,Resistance_to_antibiotics_in_2023_African_Region-Bloodstream.csv
African Region,2023,NGA,Nigeria,Bloodstream,Acinetobacter spp.,Amikacin,32,4,12.5,Resistance_to_antibiotics_in_2023_African_Region-Bloodstream.csv
African Region,2023,NGA,Nigeria,Bloodstream,Acinetobacter spp.,Gentamicin,36,15,41.666666667,Resistance_to_antibiotics_in_2023_African_Region-Bloodstream.csv
African Region,2023,NGA,Nigeria,Bloodstream,Acinetobacter spp.,Meropenem,24,12,50,Resistance_to_antibiotics_in_2023_African_Region-Bloodstream.csv
African Region,2023,ZAF,South Africa,Bloodstream,Acinetobacter spp.,Amikacin,2942,1704,57.919782461,Resistance_to_antibiotics_in_2023_African_Region-Bloodstream.csv
African Region,2023,ZAF,South Africa,Bloodstream,Acinetobacter spp.,Gentamicin,5878,3858,65.634569581,Resistance_to_antibiotics_in_2023_African_Region-Bloodstream.csv
African Region,2023,ZAF,South Africa,Bloodstream,Acinetobacter spp.,Imipenem,5873,4157,70.781542653,Resistance_to_antibiotics_in_2023_African_Region-Bloodstream.csv
African Region,2023,ZAF,South Africa,Bloodstream,Acinetobacter spp.,Meropenem,5847,4243,72.567128442,Resistance_to_antibiotics_in_2023_African_Region-Bloodstream.csv
African Region,2023,TZA,United Republic of Tanzania,Bloodstream,Acinetobacter spp.,Amikacin,227,85,37.444933921,Resistance_to_antibiotics_in_2023_African_Region-Bloodstream.csv
African Region,2023,TZA,United Republic of Tanzania,Bloodstream,Acinetobacter spp.,Gentamicin,213,131,61.502347418,Resistance_to_antibiotics_in_2023_African_Region-Bloodstream.csv
African Region,2023,TZA,United Republic of Tanzania,Bloodstream,Acinetobacter spp.,Imipenem,31,16,51.612903226,Resistance_to_antibiotics_in_2023_African_Region-Bloodstream.csv
African Region,2023,TZA,United Republic of Tanzania,Bloodstream,Acinetobacter spp.,Meropenem,220,107,48.636363636,Resistance_to_antibiotics_in_2023_African_Region-Bloodstream.csv
African Region,2023,ZMB,Zambia,Bloodstream,Acinetobacter spp.,Amikacin,26,2,7.692307692,Resistance_to_antibiotics_in_2023_African_Region-Bloodstream.csv
African Region,2023,ZMB,Zambia,Bloodstream,Acinetobacter spp.,Gentamicin,22,10,45.454545455,Resistance_to_antibiotics_in_2023_African_Region-Bloodstream.csv
African Region,2023,ZMB,Zambia,Bloodstream,Acinetobacter spp.,Imipenem,20,4,20,Resistance_to_antibiotics_in_2023_African_Region-Bloodstream.csv
African Region,2023,ZMB,Zambia,Bloodstream,Acinetobacter spp.,Meropenem,15,9,60,Resistance_to_antibiotics_in_2023_African_Region-Bloodstream.csv
Eastern Mediterranean Region,2020,BHR,Bahrain,Bloodstream,Acinetobacter spp.,Amikacin,96,62,64.583333333,1784926664571_Resistance_to_antibiotics_in_2020_Eastern_Mediterranean_Region-Bloodstream.csv
Eastern Mediterranean Region,2020,BHR,Bahrain,Bloodstream,Acinetobacter spp.,Colistin,88,4,4.545454545,1784926664571_Resistance_to_antibiotics_in_2020_Eastern_Mediterranean_Region-Bloodstream.csv
Eastern Mediterranean Region,2020,BHR,Bahrain,Bloodstream,Acinetobacter spp.,Gentamicin,96,54,56.25,1784926664571_Resistance_to_antibiotics_in_2020_Eastern_Mediterranean_Region-Bloodstream.csv
Eastern Mediterranean Region,2020,BHR,Bahrain,Bloodstream,Acinetobacter spp.,Imipenem,96,88,91.666666667,1784926664571_Resistance_to_antibiotics_in_2020_Eastern_Mediterranean_Region-Bloodstream.csv
Eastern Mediterranean Region,2020,BHR,Bahrain,Bloodstream,Acinetobacter spp.,Meropenem,96,88,91.666666667,1784926664571_Resistance_to_antibiotics_in_2020_Eastern_Mediterranean_Region-Bloodstream.csv
Eastern Mediterranean Region,2020,BHR,Bahrain,Bloodstream,Acinetobacter spp.,Minocycline,21,0,0,1784926664571_Resistance_to_antibiotics_in_2020_Eastern_Mediterranean_Region-Bloodstream.csv
Eastern Mediterranean Region,2020,BHR,Bahrain,Bloodstream,Acinetobacter spp.,Tigecycline,88,2,2.272727273,1784926664571_Resistance_to_antibiotics_in_2020_Eastern_Mediterranean_Region-Bloodstream.csv
Eastern Mediterranean Region,2020,DJI,Djibouti,Bloodstream,Acinetobacter spp.,Colistin,14,0,0,1784926664571_Resistance_to_antibiotics_in_2020_Eastern_Mediterranean_Region-Bloodstream.csv
Eastern Mediterranean Region,2020,DJI,Djibouti,Bloodstream,Acinetobacter spp.,Imipenem,14,0,0,1784926664571_Resistance_to_antibiotics_in_2020_Eastern_Mediterranean_Region-Bloodstream.csv
Eastern Mediterranean Region,2020,EGY,Egypt,Bloodstream,Acinetobacter spp.,Amikacin,47,35,74.468085106,1784926664571_Resistance_to_antibiotics_in_2020_Eastern_Mediterranean_Region-Bloodstream.csv
Eastern Mediterranean Region,2020,EGY,Egypt,Bloodstream,Acinetobacter spp.,Colistin,24,0,0,1784926664571_Resistance_to_antibiotics_in_2020_Eastern_Mediterranean_Region-Bloodstream.csv
Eastern Mediterranean Region,2020,EGY,Egypt,Bloodstream,Acinetobacter spp.,Gentamicin,42,33,78.571428571,1784926664571_Resistance_to_antibiotics_in_2020_Eastern_Mediterranean_Region-Bloodstream.csv
Eastern Mediterranean Region,2020,EGY,Egypt,Bloodstream,Acinetobacter spp.,Imipenem,42,29,69.047619048,1784926664571_Resistance_to_antibiotics_in_2020_Eastern_Mediterranean_Region-Bloodstream.csv
Eastern Mediterranean Region,2020,EGY,Egypt,Bloodstream,Acinetobacter spp.,Meropenem,29,27,93.103448276,1784926664571_Resistance_to_antibiotics_in_2020_Eastern_Mediterranean_Region-Bloodstream.csv
Eastern Mediterranean Region,2020,IRN,Iran (Islamic Republic of),Bloodstream,Acinetobacter spp.,Amikacin,422,335,79.383886256,1784926664571_Resistance_to_antibiotics_in_2020_Eastern_Mediterranean_Region-Bloodstream.csv
Eastern Mediterranean Region,2020,IRN,Iran (Islamic Republic of),Bloodstream,Acinetobacter spp.,Colistin,115,23,20,1784926664571_Resistance_to_antibiotics_in_2020_Eastern_Mediterranean_Region-Bloodstream.csv
Eastern Mediterranean Region,2020,IRN,Iran (Islamic Republic of),Bloodstream,Acinetobacter spp.,Gentamicin,296,221,74.662162162,1784926664571_Resistance_to_antibiotics_in_2020_Eastern_Mediterranean_Region-Bloodstream.csv
Eastern Mediterranean Region,2020,IRN,Iran (Islamic Republic of),Bloodstream,Acinetobacter spp.,Imipenem,231,187,80.952380952,1784926664571_Resistance_to_antibiotics_in_2020_Eastern_Mediterranean_Region-Bloodstream.csv
Eastern Mediterranean Region,2020,IRN,Iran (Islamic Republic of),Bloodstream,Acinetobacter spp.,Meropenem,292,257,88.01369863,1784926664571_Resistance_to_antibiotics_in_2020_Eastern_Mediterranean_Region-Bloodstream.csv
Eastern Mediterranean Region,2020,IRN,Iran (Islamic Republic of),Bloodstream,Acinetobacter spp.,Minocycline,163,18,11.042944785,1784926664571_Resistance_to_antibiotics_in_2020_Eastern_Mediterranean_Region-Bloodstream.csv
Eastern Mediterranean Region,2020,IRQ,Iraq,Bloodstream,Acinetobacter spp.,Amikacin,50,34,68,1784926664571_Resistance_to_antibiotics_in_2020_Eastern_Mediterranean_Region-Bloodstream.csv
Eastern Mediterranean Region,2020,IRQ,Iraq,Bloodstream,Acinetobacter spp.,Colistin,28,1,3.571428571,1784926664571_Resistance_to_antibiotics_in_2020_Eastern_Mediterranean_Region-Bloodstream.csv
Eastern Mediterranean Region,2020,IRQ,Iraq,Bloodstream,Acinetobacter spp.,Gentamicin,51,31,60.784313725,1784926664571_Resistance_to_antibiotics_in_2020_Eastern_Mediterranean_Region-Bloodstream.csv
Eastern Mediterranean Region,2020,IRQ,Iraq,Bloodstream,Acinetobacter spp.,Imipenem,99,60,60.606060606,1784926664571_Resistance_to_antibiotics_in_2020_Eastern_Mediterranean_Region-Bloodstream.csv
Eastern Mediterranean Region,2020,IRQ,Iraq,Bloodstream,Acinetobacter spp.,Meropenem,74,48,64.864864865,1784926664571_Resistance_to_antibiotics_in_2020_Eastern_Mediterranean_Region-Bloodstream.csv
Eastern Mediterranean Region,2020,IRQ,Iraq,Bloodstream,Acinetobacter spp.,Minocycline,16,3,18.75,1784926664571_Resistance_to_antibiotics_in_2020_Eastern_Mediterranean_Region-Bloodstream.csv
Eastern Mediterranean Region,2020,IRQ,Iraq,Bloodstream,Acinetobacter spp.,Tigecycline,27,3,11.111111111,1784926664571_Resistance_to_antibiotics_in_2020_Eastern_Mediterranean_Region-Bloodstream.csv
Eastern Mediterranean Region,2020,JOR,Jordan,Bloodstream,Acinetobacter spp.,Amikacin,48,37,77.083333333,1784926664571_Resistance_to_antibiotics_in_2020_Eastern_Mediterranean_Region-Bloodstream.csv
Eastern Mediterranean Region,2020,JOR,Jordan,Bloodstream,Acinetobacter spp.,Colistin,30,0,0,1784926664571_Resistance_to_antibiotics_in_2020_Eastern_Mediterranean_Region-Bloodstream.csv
Eastern Mediterranean Region,2020,JOR,Jordan,Bloodstream,Acinetobacter spp.,Gentamicin,57,35,61.403508772,1784926664571_Resistance_to_antibiotics_in_2020_Eastern_Mediterranean_Region-Bloodstream.csv
Eastern Mediterranean Region,2020,JOR,Jordan,Bloodstream,Acinetobacter spp.,Imipenem,59,37,62.711864407,1784926664571_Resistance_to_antibiotics_in_2020_Eastern_Mediterranean_Region-Bloodstream.csv
Eastern Mediterranean Region,2020,JOR,Jordan,Bloodstream,Acinetobacter spp.,Meropenem,60,43,71.666666667,1784926664571_Resistance_to_antibiotics_in_2020_Eastern_Mediterranean_Region-Bloodstream.csv
Eastern Mediterranean Region,2020,JOR,Jordan,Bloodstream,Acinetobacter spp.,Tigecycline,38,1,2.631578947,1784926664571_Resistance_to_antibiotics_in_2020_Eastern_Mediterranean_Region-Bloodstream.csv
Eastern Mediterranean Region,2020,KWT,Kuwait,Bloodstream,Acinetobacter spp.,Amikacin,67,51,76.119402985,1784926664571_Resistance_to_antibiotics_in_2020_Eastern_Mediterranean_Region-Bloodstream.csv
Eastern Mediterranean Region,2020,KWT,Kuwait,Bloodstream,Acinetobacter spp.,Colistin,67,3,4.47761194,1784926664571_Resistance_to_antibiotics_in_2020_Eastern_Mediterranean_Region-Bloodstream.csv
Eastern Mediterranean Region,2020,KWT,Kuwait,Bloodstream,Acinetobacter spp.,Gentamicin,67,32,47.76119403,1784926664571_Resistance_to_antibiotics_in_2020_Eastern_Mediterranean_Region-Bloodstream.csv
Eastern Mediterranean Region,2020,KWT,Kuwait,Bloodstream,Acinetobacter spp.,Imipenem,67,59,88.059701493,1784926664571_Resistance_to_antibiotics_in_2020_Eastern_Mediterranean_Region-Bloodstream.csv
Eastern Mediterranean Region,2020,KWT,Kuwait,Bloodstream,Acinetobacter spp.,Meropenem,67,59,88.059701493,1784926664571_Resistance_to_antibiotics_in_2020_Eastern_Mediterranean_Region-Bloodstream.csv
Eastern Mediterranean Region,2020,KWT,Kuwait,Bloodstream,Acinetobacter spp.,Tigecycline,67,3,4.47761194,1784926664571_Resistance_to_antibiotics_in_2020_Eastern_Mediterranean_Region-Bloodstream.csv
Eastern Mediterranean Region,2020,LBN,Lebanon,Bloodstream,Acinetobacter spp.,Amikacin,52,36,69.230769231,1784926664571_Resistance_to_antibiotics_in_2020_Eastern_Mediterranean_Region-Bloodstream.csv
Eastern Mediterranean Region,2020,LBN,Lebanon,Bloodstream,Acinetobacter spp.,Colistin,17,0,0,1784926664571_Resistance_to_antibiotics_in_2020_Eastern_Mediterranean_Region-Bloodstream.csv
Eastern Mediterranean Region,2020,LBN,Lebanon,Bloodstream,Acinetobacter spp.,Gentamicin,52,39,75,1784926664571_Resistance_to_antibiotics_in_2020_Eastern_Mediterranean_Region-Bloodstream.csv
Eastern Mediterranean Region,2020,LBN,Lebanon,Bloodstream,Acinetobacter spp.,Imipenem,54,45,83.333333333,1784926664571_Resistance_to_antibiotics_in_2020_Eastern_Mediterranean_Region-Bloodstream.csv
Eastern Mediterranean Region,2020,LBN,Lebanon,Bloodstream,Acinetobacter spp.,Meropenem,16,13,81.25,1784926664571_Resistance_to_antibiotics_in_2020_Eastern_Mediterranean_Region-Bloodstream.csv
Eastern Mediterranean Region,2020,LBN,Lebanon,Bloodstream,Acinetobacter spp.,Tigecycline,13,8,61.538461538,1784926664571_Resistance_to_antibiotics_in_2020_Eastern_Mediterranean_Region-Bloodstream.csv
Eastern Mediterranean Region,2020,LBY,Libya,Bloodstream,Acinetobacter spp.,Gentamicin,24,13,54.166666667,1784926664571_Resistance_to_antibiotics_in_2020_Eastern_Mediterranean_Region-Bloodstream.csv
Eastern Mediterranean Region,2020,LBY,Libya,Bloodstream,Acinetobacter spp.,Imipenem,23,16,69.565217391,1784926664571_Resistance_to_antibiotics_in_2020_Eastern_Mediterranean_Region-Bloodstream.csv
Eastern Mediterranean Region,2020,LBY,Libya,Bloodstream,Acinetobacter spp.,Meropenem,11,9,81.818181818,1784926664571_Resistance_to_antibiotics_in_2020_Eastern_Mediterranean_Region-Bloodstream.csv
Eastern Mediterranean Region,2020,LBY,Libya,Bloodstream,Acinetobacter spp.,Tigecycline,13,0,0,1784926664571_Resistance_to_antibiotics_in_2020_Eastern_Mediterranean_Region-Bloodstream.csv
Eastern Mediterranean Region,2020,OMN,Oman,Bloodstream,Acinetobacter spp.,Amikacin,68,47,69.117647059,1784926664571_Resistance_to_antibiotics_in_2020_Eastern_Mediterranean_Region-Bloodstream.csv
Eastern Mediterranean Region,2020,OMN,Oman,Bloodstream,Acinetobacter spp.,Colistin,21,7,33.333333333,1784926664571_Resistance_to_antibiotics_in_2020_Eastern_Mediterranean_Region-Bloodstream.csv
Eastern Mediterranean Region,2020,OMN,Oman,Bloodstream,Acinetobacter spp.,Gentamicin,75,48,64,1784926664571_Resistance_to_antibiotics_in_2020_Eastern_Mediterranean_Region-Bloodstream.csv
Eastern Mediterranean Region,2020,OMN,Oman,Bloodstream,Acinetobacter spp.,Imipenem,31,30,96.774193548,1784926664571_Resistance_to_antibiotics_in_2020_Eastern_Mediterranean_Region-Bloodstream.csv
Eastern Mediterranean Region,2020,OMN,Oman,Bloodstream,Acinetobacter spp.,Meropenem,67,55,82.089552239,1784926664571_Resistance_to_antibiotics_in_2020_Eastern_Mediterranean_Region-Bloodstream.csv
Eastern Mediterranean Region,2020,PAK,Pakistan,Bloodstream,Acinetobacter spp.,Amikacin,331,185,55.891238671,1784926664571_Resistance_to_antibiotics_in_2020_Eastern_Mediterranean_Region-Bloodstream.csv
Eastern Mediterranean Region,2020,PAK,Pakistan,Bloodstream,Acinetobacter spp.,Colistin,98,2,2.040816327,1784926664571_Resistance_to_antibiotics_in_2020_Eastern_Mediterranean_Region-Bloodstream.csv
Eastern Mediterranean Region,2020,PAK,Pakistan,Bloodstream,Acinetobacter spp.,Gentamicin,171,110,64.32748538,1784926664571_Resistance_to_antibiotics_in_2020_Eastern_Mediterranean_Region-Bloodstream.csv
Eastern Mediterranean Region,2020,PAK,Pakistan,Bloodstream,Acinetobacter spp.,Imipenem,340,204,60,1784926664571_Resistance_to_antibiotics_in_2020_Eastern_Mediterranean_Region-Bloodstream.csv
Eastern Mediterranean Region,2020,PAK,Pakistan,Bloodstream,Acinetobacter spp.,Meropenem,280,177,63.214285714,1784926664571_Resistance_to_antibiotics_in_2020_Eastern_Mediterranean_Region-Bloodstream.csv
Eastern Mediterranean Region,2020,PAK,Pakistan,Bloodstream,Acinetobacter spp.,Minocycline,64,11,17.1875,1784926664571_Resistance_to_antibiotics_in_2020_Eastern_Mediterranean_Region-Bloodstream.csv
Eastern Mediterranean Region,2020,PAK,Pakistan,Bloodstream,Acinetobacter spp.,Tigecycline,116,48,41.379310345,1784926664571_Resistance_to_antibiotics_in_2020_Eastern_Mediterranean_Region-Bloodstream.csv
Eastern Mediterranean Region,2020,QAT,Qatar,Bloodstream,Acinetobacter spp.,Amikacin,30,3,10,1784926664571_Resistance_to_antibiotics_in_2020_Eastern_Mediterranean_Region-Bloodstream.csv
Eastern Mediterranean Region,2020,QAT,Qatar,Bloodstream,Acinetobacter spp.,Gentamicin,31,7,22.580645161,1784926664571_Resistance_to_antibiotics_in_2020_Eastern_Mediterranean_Region-Bloodstream.csv
Eastern Mediterranean Region,2020,QAT,Qatar,Bloodstream,Acinetobacter spp.,Imipenem,27,4,14.814814815,1784926664571_Resistance_to_antibiotics_in_2020_Eastern_Mediterranean_Region-Bloodstream.csv
Eastern Mediterranean Region,2020,QAT,Qatar,Bloodstream,Acinetobacter spp.,Meropenem,29,4,13.793103448,1784926664571_Resistance_to_antibiotics_in_2020_Eastern_Mediterranean_Region-Bloodstream.csv
Eastern Mediterranean Region,2020,QAT,Qatar,Bloodstream,Acinetobacter spp.,Tigecycline,27,6,22.222222222,1784926664571_Resistance_to_antibiotics_in_2020_Eastern_Mediterranean_Region-Bloodstream.csv
Eastern Mediterranean Region,2020,SAU,Saudi Arabia,Bloodstream,Acinetobacter spp.,Amikacin,419,321,76.61097852,1784926664571_Resistance_to_antibiotics_in_2020_Eastern_Mediterranean_Region-Bloodstream.csv
Eastern Mediterranean Region,2020,SAU,Saudi Arabia,Bloodstream,Acinetobacter spp.,Colistin,386,49,12.694300518,1784926664571_Resistance_to_antibiotics_in_2020_Eastern_Mediterranean_Region-Bloodstream.csv
Eastern Mediterranean Region,2020,SAU,Saudi Arabia,Bloodstream,Acinetobacter spp.,Doripenem,48,39,81.25,1784926664571_Resistance_to_antibiotics_in_2020_Eastern_Mediterranean_Region-Bloodstream.csv
Eastern Mediterranean Region,2020,SAU,Saudi Arabia,Bloodstream,Acinetobacter spp.,Gentamicin,477,364,76.310272537,1784926664571_Resistance_to_antibiotics_in_2020_Eastern_Mediterranean_Region-Bloodstream.csv
Eastern Mediterranean Region,2020,SAU,Saudi Arabia,Bloodstream,Acinetobacter spp.,Imipenem,476,417,87.605042017,1784926664571_Resistance_to_antibiotics_in_2020_Eastern_Mediterranean_Region-Bloodstream.csv
Eastern Mediterranean Region,2020,SAU,Saudi Arabia,Bloodstream,Acinetobacter spp.,Meropenem,472,414,87.711864407,1784926664571_Resistance_to_antibiotics_in_2020_Eastern_Mediterranean_Region-Bloodstream.csv
Eastern Mediterranean Region,2020,SAU,Saudi Arabia,Bloodstream,Acinetobacter spp.,Minocycline,71,46,64.788732394,1784926664571_Resistance_to_antibiotics_in_2020_Eastern_Mediterranean_Region-Bloodstream.csv
Eastern Mediterranean Region,2020,SAU,Saudi Arabia,Bloodstream,Acinetobacter spp.,Tigecycline,290,57,19.655172414,1784926664571_Resistance_to_antibiotics_in_2020_Eastern_Mediterranean_Region-Bloodstream.csv
Eastern Mediterranean Region,2020,TUN,Tunisia,Bloodstream,Acinetobacter spp.,Imipenem,113,96,84.955752212,1784926664571_Resistance_to_antibiotics_in_2020_Eastern_Mediterranean_Region-Bloodstream.csv
Eastern Mediterranean Region,2020,TUN,Tunisia,Bloodstream,Acinetobacter spp.,Meropenem,103,93,90.291262136,1784926664571_Resistance_to_antibiotics_in_2020_Eastern_Mediterranean_Region-Bloodstream.csv
Eastern Mediterranean Region,2020,ARE,United Arab Emirates,Bloodstream,Acinetobacter spp.,Amikacin,42,4,9.523809524,1784926664571_Resistance_to_antibiotics_in_2020_Eastern_Mediterranean_Region-Bloodstream.csv
Eastern Mediterranean Region,2020,ARE,United Arab Emirates,Bloodstream,Acinetobacter spp.,Colistin,25,0,0,1784926664571_Resistance_to_antibiotics_in_2020_Eastern_Mediterranean_Region-Bloodstream.csv
Eastern Mediterranean Region,2020,ARE,United Arab Emirates,Bloodstream,Acinetobacter spp.,Gentamicin,122,59,48.360655738,1784926664571_Resistance_to_antibiotics_in_2020_Eastern_Mediterranean_Region-Bloodstream.csv
Eastern Mediterranean Region,2020,ARE,United Arab Emirates,Bloodstream,Acinetobacter spp.,Imipenem,115,58,50.434782609,1784926664571_Resistance_to_antibiotics_in_2020_Eastern_Mediterranean_Region-Bloodstream.csv
Eastern Mediterranean Region,2020,ARE,United Arab Emirates,Bloodstream,Acinetobacter spp.,Meropenem,124,61,49.193548387,1784926664571_Resistance_to_antibiotics_in_2020_Eastern_Mediterranean_Region-Bloodstream.csv
Eastern Mediterranean Region,2020,ARE,United Arab Emirates,Bloodstream,Acinetobacter spp.,Minocycline,41,6,14.634146341,1784926664571_Resistance_to_antibiotics_in_2020_Eastern_Mediterranean_Region-Bloodstream.csv
Eastern Mediterranean Region,2020,PSE,"occupied Palestinian territory, including east Jerusalem",Bloodstream,Acinetobacter spp.,Amikacin,45,31,68.888888889,1784926664571_Resistance_to_antibiotics_in_2020_Eastern_Mediterranean_Region-Bloodstream.csv
Eastern Mediterranean Region,2020,PSE,"occupied Palestinian territory, including east Jerusalem",Bloodstream,Acinetobacter spp.,Colistin,44,0,0,1784926664571_Resistance_to_antibiotics_in_2020_Eastern_Mediterranean_Region-Bloodstream.csv
Eastern Mediterranean Region,2020,PSE,"occupied Palestinian territory, including east Jerusalem",Bloodstream,Acinetobacter spp.,Gentamicin,53,40,75.471698113,1784926664571_Resistance_to_antibiotics_in_2020_Eastern_Mediterranean_Region-Bloodstream.csv
Eastern Mediterranean Region,2020,PSE,"occupied Palestinian territory, including east Jerusalem",Bloodstream,Acinetobacter spp.,Imipenem,30,25,83.333333333,1784926664571_Resistance_to_antibiotics_in_2020_Eastern_Mediterranean_Region-Bloodstream.csv
Eastern Mediterranean Region,2020,PSE,"occupied Palestinian territory, including east Jerusalem",Bloodstream,Acinetobacter spp.,Meropenem,56,45,80.357142857,1784926664571_Resistance_to_antibiotics_in_2020_Eastern_Mediterranean_Region-Bloodstream.csv
Eastern Mediterranean Region,2021,BHR,Bahrain,Bloodstream,Acinetobacter spp.,Imipenem,125,114,91.2,1784926664570_Resistance_to_antibiotics_in_2021_Eastern_Mediterranean_Region-Bloodstream.csv
Eastern Mediterranean Region,2021,BHR,Bahrain,Bloodstream,Acinetobacter spp.,Meropenem,125,113,90.4,1784926664570_Resistance_to_antibiotics_in_2021_Eastern_Mediterranean_Region-Bloodstream.csv
Eastern Mediterranean Region,2021,BHR,Bahrain,Bloodstream,Acinetobacter spp.,Minocycline,45,1,2.222222222,1784926664570_Resistance_to_antibiotics_in_2021_Eastern_Mediterranean_Region-Bloodstream.csv
Eastern Mediterranean Region,2021,BHR,Bahrain,Bloodstream,Acinetobacter spp.,Tigecycline,105,2,1.904761905,1784926664570_Resistance_to_antibiotics_in_2021_Eastern_Mediterranean_Region-Bloodstream.csv
Eastern Mediterranean Region,2021,IRN,Iran (Islamic Republic of),Bloodstream,Acinetobacter spp.,Amikacin,542,286,52.767527675,1784926664570_Resistance_to_antibiotics_in_2021_Eastern_Mediterranean_Region-Bloodstream.csv
Eastern Mediterranean Region,2021,IRN,Iran (Islamic Republic of),Bloodstream,Acinetobacter spp.,Colistin,272,21,7.720588235,1784926664570_Resistance_to_antibiotics_in_2021_Eastern_Mediterranean_Region-Bloodstream.csv
Eastern Mediterranean Region,2021,IRN,Iran (Islamic Republic of),Bloodstream,Acinetobacter spp.,Gentamicin,464,234,50.431034483,1784926664570_Resistance_to_antibiotics_in_2021_Eastern_Mediterranean_Region-Bloodstream.csv
Eastern Mediterranean Region,2021,IRN,Iran (Islamic Republic of),Bloodstream,Acinetobacter spp.,Imipenem,390,357,91.538461538,1784926664570_Resistance_to_antibiotics_in_2021_Eastern_Mediterranean_Region-Bloodstream.csv
Eastern Mediterranean Region,2021,IRN,Iran (Islamic Republic of),Bloodstream,Acinetobacter spp.,Meropenem,495,399,80.606060606,1784926664570_Resistance_to_antibiotics_in_2021_Eastern_Mediterranean_Region-Bloodstream.csv
Eastern Mediterranean Region,2021,IRN,Iran (Islamic Republic of),Bloodstream,Acinetobacter spp.,Minocycline,18,7,38.888888889,1784926664570_Resistance_to_antibiotics_in_2021_Eastern_Mediterranean_Region-Bloodstream.csv
Eastern Mediterranean Region,2021,IRQ,Iraq,Bloodstream,Acinetobacter spp.,Amikacin,122,57,46.721311475,1784926664570_Resistance_to_antibiotics_in_2021_Eastern_Mediterranean_Region-Bloodstream.csv
Eastern Mediterranean Region,2021,IRQ,Iraq,Bloodstream,Acinetobacter spp.,Colistin,61,7,11.475409836,1784926664570_Resistance_to_antibiotics_in_2021_Eastern_Mediterranean_Region-Bloodstream.csv
Eastern Mediterranean Region,2021,IRQ,Iraq,Bloodstream,Acinetobacter spp.,Gentamicin,94,50,53.191489362,1784926664570_Resistance_to_antibiotics_in_2021_Eastern_Mediterranean_Region-Bloodstream.csv
Eastern Mediterranean Region,2021,IRQ,Iraq,Bloodstream,Acinetobacter spp.,Imipenem,207,122,58.937198068,1784926664570_Resistance_to_antibiotics_in_2021_Eastern_Mediterranean_Region-Bloodstream.csv
Eastern Mediterranean Region,2021,IRQ,Iraq,Bloodstream,Acinetobacter spp.,Meropenem,189,102,53.968253968,1784926664570_Resistance_to_antibiotics_in_2021_Eastern_Mediterranean_Region-Bloodstream.csv
Eastern Mediterranean Region,2021,IRQ,Iraq,Bloodstream,Acinetobacter spp.,Minocycline,54,11,20.37037037,1784926664570_Resistance_to_antibiotics_in_2021_Eastern_Mediterranean_Region-Bloodstream.csv
Eastern Mediterranean Region,2021,IRQ,Iraq,Bloodstream,Acinetobacter spp.,Tigecycline,24,1,4.166666667,1784926664570_Resistance_to_antibiotics_in_2021_Eastern_Mediterranean_Region-Bloodstream.csv
Eastern Mediterranean Region,2021,JOR,Jordan,Bloodstream,Acinetobacter spp.,Amikacin,89,45,50.561797753,1784926664570_Resistance_to_antibiotics_in_2021_Eastern_Mediterranean_Region-Bloodstream.csv
Eastern Mediterranean Region,2021,JOR,Jordan,Bloodstream,Acinetobacter spp.,Colistin,52,24,46.153846154,1784926664570_Resistance_to_antibiotics_in_2021_Eastern_Mediterranean_Region-Bloodstream.csv
Eastern Mediterranean Region,2021,JOR,Jordan,Bloodstream,Acinetobacter spp.,Gentamicin,89,43,48.314606742,1784926664570_Resistance_to_antibiotics_in_2021_Eastern_Mediterranean_Region-Bloodstream.csv
Eastern Mediterranean Region,2021,JOR,Jordan,Bloodstream,Acinetobacter spp.,Imipenem,87,55,63.218390805,1784926664570_Resistance_to_antibiotics_in_2021_Eastern_Mediterranean_Region-Bloodstream.csv
Eastern Mediterranean Region,2021,JOR,Jordan,Bloodstream,Acinetobacter spp.,Meropenem,90,56,62.222222222,1784926664570_Resistance_to_antibiotics_in_2021_Eastern_Mediterranean_Region-Bloodstream.csv
Eastern Mediterranean Region,2021,JOR,Jordan,Bloodstream,Acinetobacter spp.,Minocycline,59,27,45.762711864,1784926664570_Resistance_to_antibiotics_in_2021_Eastern_Mediterranean_Region-Bloodstream.csv
Eastern Mediterranean Region,2021,JOR,Jordan,Bloodstream,Acinetobacter spp.,Tigecycline,137,31,22.627737226,1784926664570_Resistance_to_antibiotics_in_2021_Eastern_Mediterranean_Region-Bloodstream.csv
Eastern Mediterranean Region,2021,KWT,Kuwait,Bloodstream,Acinetobacter spp.,Imipenem,59,45,76.271186441,1784926664570_Resistance_to_antibiotics_in_2021_Eastern_Mediterranean_Region-Bloodstream.csv
Eastern Mediterranean Region,2021,KWT,Kuwait,Bloodstream,Acinetobacter spp.,Meropenem,63,47,74.603174603,1784926664570_Resistance_to_antibiotics_in_2021_Eastern_Mediterranean_Region-Bloodstream.csv
Eastern Mediterranean Region,2021,KWT,Kuwait,Bloodstream,Acinetobacter spp.,Tigecycline,37,16,43.243243243,1784926664570_Resistance_to_antibiotics_in_2021_Eastern_Mediterranean_Region-Bloodstream.csv
Eastern Mediterranean Region,2021,LBN,Lebanon,Bloodstream,Acinetobacter spp.,Amikacin,60,44,73.333333333,1784926664570_Resistance_to_antibiotics_in_2021_Eastern_Mediterranean_Region-Bloodstream.csv
Eastern Mediterranean Region,2021,LBN,Lebanon,Bloodstream,Acinetobacter spp.,Colistin,18,4,22.222222222,1784926664570_Resistance_to_antibiotics_in_2021_Eastern_Mediterranean_Region-Bloodstream.csv
Eastern Mediterranean Region,2021,LBN,Lebanon,Bloodstream,Acinetobacter spp.,Gentamicin,49,39,79.591836735,1784926664570_Resistance_to_antibiotics_in_2021_Eastern_Mediterranean_Region-Bloodstream.csv
Eastern Mediterranean Region,2021,LBN,Lebanon,Bloodstream,Acinetobacter spp.,Imipenem,58,50,86.206896552,1784926664570_Resistance_to_antibiotics_in_2021_Eastern_Mediterranean_Region-Bloodstream.csv
Eastern Mediterranean Region,2021,LBN,Lebanon,Bloodstream,Acinetobacter spp.,Minocycline,14,10,71.428571429,1784926664570_Resistance_to_antibiotics_in_2021_Eastern_Mediterranean_Region-Bloodstream.csv
Eastern Mediterranean Region,2021,LBN,Lebanon,Bloodstream,Acinetobacter spp.,Tigecycline,36,25,69.444444444,1784926664570_Resistance_to_antibiotics_in_2021_Eastern_Mediterranean_Region-Bloodstream.csv
Eastern Mediterranean Region,2021,MAR,Morocco,Bloodstream,Acinetobacter spp.,Imipenem,111,85,76.576576577,1784926664570_Resistance_to_antibiotics_in_2021_Eastern_Mediterranean_Region-Bloodstream.csv
Eastern Mediterranean Region,2021,OMN,Oman,Bloodstream,Acinetobacter spp.,Amikacin,240,185,77.083333333,1784926664570_Resistance_to_antibiotics_in_2021_Eastern_Mediterranean_Region-Bloodstream.csv
Eastern Mediterranean Region,2021,OMN,Oman,Bloodstream,Acinetobacter spp.,Colistin,23,4,17.391304348,1784926664570_Resistance_to_antibiotics_in_2021_Eastern_Mediterranean_Region-Bloodstream.csv
Eastern Mediterranean Region,2021,OMN,Oman,Bloodstream,Acinetobacter spp.,Gentamicin,257,205,79.766536965,1784926664570_Resistance_to_antibiotics_in_2021_Eastern_Mediterranean_Region-Bloodstream.csv
Eastern Mediterranean Region,2021,OMN,Oman,Bloodstream,Acinetobacter spp.,Imipenem,91,76,83.516483516,1784926664570_Resistance_to_antibiotics_in_2021_Eastern_Mediterranean_Region-Bloodstream.csv
Eastern Mediterranean Region,2021,OMN,Oman,Bloodstream,Acinetobacter spp.,Meropenem,246,205,83.333333333,1784926664570_Resistance_to_antibiotics_in_2021_Eastern_Mediterranean_Region-Bloodstream.csv
Eastern Mediterranean Region,2021,OMN,Oman,Bloodstream,Acinetobacter spp.,Tigecycline,21,9,42.857142857,1784926664570_Resistance_to_antibiotics_in_2021_Eastern_Mediterranean_Region-Bloodstream.csv
Eastern Mediterranean Region,2021,PAK,Pakistan,Bloodstream,Acinetobacter spp.,Amikacin,1791,1030,57.509771078,1784926664570_Resistance_to_antibiotics_in_2021_Eastern_Mediterranean_Region-Bloodstream.csv
Eastern Mediterranean Region,2021,PAK,Pakistan,Bloodstream,Acinetobacter spp.,Colistin,1042,24,2.303262956,1784926664570_Resistance_to_antibiotics_in_2021_Eastern_Mediterranean_Region-Bloodstream.csv
Eastern Mediterranean Region,2021,PAK,Pakistan,Bloodstream,Acinetobacter spp.,Gentamicin,1457,808,55.456417296,1784926664570_Resistance_to_antibiotics_in_2021_Eastern_Mediterranean_Region-Bloodstream.csv
Eastern Mediterranean Region,2021,PAK,Pakistan,Bloodstream,Acinetobacter spp.,Imipenem,1697,1123,66.175604007,1784926664570_Resistance_to_antibiotics_in_2021_Eastern_Mediterranean_Region-Bloodstream.csv
Eastern Mediterranean Region,2021,PAK,Pakistan,Bloodstream,Acinetobacter spp.,Meropenem,1668,1097,65.767386091,1784926664570_Resistance_to_antibiotics_in_2021_Eastern_Mediterranean_Region-Bloodstream.csv
Eastern Mediterranean Region,2021,PAK,Pakistan,Bloodstream,Acinetobacter spp.,Minocycline,396,24,6.060606061,1784926664570_Resistance_to_antibiotics_in_2021_Eastern_Mediterranean_Region-Bloodstream.csv
Eastern Mediterranean Region,2021,PAK,Pakistan,Bloodstream,Acinetobacter spp.,Tigecycline,671,340,50.670640835,1784926664570_Resistance_to_antibiotics_in_2021_Eastern_Mediterranean_Region-Bloodstream.csv
Eastern Mediterranean Region,2021,QAT,Qatar,Bloodstream,Acinetobacter spp.,Amikacin,15,0,0,1784926664570_Resistance_to_antibiotics_in_2021_Eastern_Mediterranean_Region-Bloodstream.csv
Eastern Mediterranean Region,2021,QAT,Qatar,Bloodstream,Acinetobacter spp.,Gentamicin,15,1,6.666666667,1784926664570_Resistance_to_antibiotics_in_2021_Eastern_Mediterranean_Region-Bloodstream.csv
Eastern Mediterranean Region,2021,QAT,Qatar,Bloodstream,Acinetobacter spp.,Imipenem,13,0,0,1784926664570_Resistance_to_antibiotics_in_2021_Eastern_Mediterranean_Region-Bloodstream.csv
Eastern Mediterranean Region,2021,QAT,Qatar,Bloodstream,Acinetobacter spp.,Meropenem,13,0,0,1784926664570_Resistance_to_antibiotics_in_2021_Eastern_Mediterranean_Region-Bloodstream.csv
Eastern Mediterranean Region,2021,SAU,Saudi Arabia,Bloodstream,Acinetobacter spp.,Amikacin,177,119,67.231638418,1784926664570_Resistance_to_antibiotics_in_2021_Eastern_Mediterranean_Region-Bloodstream.csv
Eastern Mediterranean Region,2021,SAU,Saudi Arabia,Bloodstream,Acinetobacter spp.,Colistin,133,1,0.751879699,1784926664570_Resistance_to_antibiotics_in_2021_Eastern_Mediterranean_Region-Bloodstream.csv
Eastern Mediterranean Region,2021,SAU,Saudi Arabia,Bloodstream,Acinetobacter spp.,Gentamicin,200,137,68.5,1784926664570_Resistance_to_antibiotics_in_2021_Eastern_Mediterranean_Region-Bloodstream.csv
Eastern Mediterranean Region,2021,SAU,Saudi Arabia,Bloodstream,Acinetobacter spp.,Imipenem,196,164,83.673469388,1784926664570_Resistance_to_antibiotics_in_2021_Eastern_Mediterranean_Region-Bloodstream.csv
Eastern Mediterranean Region,2021,SAU,Saudi Arabia,Bloodstream,Acinetobacter spp.,Meropenem,197,165,83.756345178,1784926664570_Resistance_to_antibiotics_in_2021_Eastern_Mediterranean_Region-Bloodstream.csv
Eastern Mediterranean Region,2021,SAU,Saudi Arabia,Bloodstream,Acinetobacter spp.,Minocycline,42,19,45.238095238,1784926664570_Resistance_to_antibiotics_in_2021_Eastern_Mediterranean_Region-Bloodstream.csv
Eastern Mediterranean Region,2021,SAU,Saudi Arabia,Bloodstream,Acinetobacter spp.,Tigecycline,115,18,15.652173913,1784926664570_Resistance_to_antibiotics_in_2021_Eastern_Mediterranean_Region-Bloodstream.csv
Eastern Mediterranean Region,2021,TUN,Tunisia,Bloodstream,Acinetobacter spp.,Imipenem,131,118,90.076335878,1784926664570_Resistance_to_antibiotics_in_2021_Eastern_Mediterranean_Region-Bloodstream.csv
Eastern Mediterranean Region,2021,TUN,Tunisia,Bloodstream,Acinetobacter spp.,Meropenem,119,112,94.117647059,1784926664570_Resistance_to_antibiotics_in_2021_Eastern_Mediterranean_Region-Bloodstream.csv
Eastern Mediterranean Region,2021,ARE,United Arab Emirates,Bloodstream,Acinetobacter spp.,Amikacin,60,11,18.333333333,1784926664570_Resistance_to_antibiotics_in_2021_Eastern_Mediterranean_Region-Bloodstream.csv
Eastern Mediterranean Region,2021,ARE,United Arab Emirates,Bloodstream,Acinetobacter spp.,Colistin,53,1,1.886792453,1784926664570_Resistance_to_antibiotics_in_2021_Eastern_Mediterranean_Region-Bloodstream.csv
Eastern Mediterranean Region,2021,ARE,United Arab Emirates,Bloodstream,Acinetobacter spp.,Gentamicin,215,106,49.302325581,1784926664570_Resistance_to_antibiotics_in_2021_Eastern_Mediterranean_Region-Bloodstream.csv
Eastern Mediterranean Region,2021,ARE,United Arab Emirates,Bloodstream,Acinetobacter spp.,Imipenem,201,105,52.23880597,1784926664570_Resistance_to_antibiotics_in_2021_Eastern_Mediterranean_Region-Bloodstream.csv
Eastern Mediterranean Region,2021,ARE,United Arab Emirates,Bloodstream,Acinetobacter spp.,Meropenem,218,116,53.211009174,1784926664570_Resistance_to_antibiotics_in_2021_Eastern_Mediterranean_Region-Bloodstream.csv
Eastern Mediterranean Region,2021,ARE,United Arab Emirates,Bloodstream,Acinetobacter spp.,Minocycline,48,16,33.333333333,1784926664570_Resistance_to_antibiotics_in_2021_Eastern_Mediterranean_Region-Bloodstream.csv
Eastern Mediterranean Region,2022,BHR,Bahrain,Bloodstream,Acinetobacter spp.,Amikacin,107,53,49.53271028,1784926664570_Resistance_to_antibiotics_in_2022_Eastern_Mediterranean_Region-Bloodstream.csv
Eastern Mediterranean Region,2022,BHR,Bahrain,Bloodstream,Acinetobacter spp.,Colistin,91,12,13.186813187,1784926664570_Resistance_to_antibiotics_in_2022_Eastern_Mediterranean_Region-Bloodstream.csv
Eastern Mediterranean Region,2022,BHR,Bahrain,Bloodstream,Acinetobacter spp.,Gentamicin,106,51,48.113207547,1784926664570_Resistance_to_antibiotics_in_2022_Eastern_Mediterranean_Region-Bloodstream.csv
Eastern Mediterranean Region,2022,BHR,Bahrain,Bloodstream,Acinetobacter spp.,Imipenem,106,90,84.905660377,1784926664570_Resistance_to_antibiotics_in_2022_Eastern_Mediterranean_Region-Bloodstream.csv
Eastern Mediterranean Region,2022,BHR,Bahrain,Bloodstream,Acinetobacter spp.,Meropenem,106,90,84.905660377,1784926664570_Resistance_to_antibiotics_in_2022_Eastern_Mediterranean_Region-Bloodstream.csv
Eastern Mediterranean Region,2022,BHR,Bahrain,Bloodstream,Acinetobacter spp.,Minocycline,29,10,34.482758621,1784926664570_Resistance_to_antibiotics_in_2022_Eastern_Mediterranean_Region-Bloodstream.csv
Eastern Mediterranean Region,2022,BHR,Bahrain,Bloodstream,Acinetobacter spp.,Tigecycline,90,1,1.111111111,1784926664570_Resistance_to_antibiotics_in_2022_Eastern_Mediterranean_Region-Bloodstream.csv
Eastern Mediterranean Region,2022,EGY,Egypt,Bloodstream,Acinetobacter spp.,Amikacin,34,26,76.470588235,1784926664570_Resistance_to_antibiotics_in_2022_Eastern_Mediterranean_Region-Bloodstream.csv
Eastern Mediterranean Region,2022,EGY,Egypt,Bloodstream,Acinetobacter spp.,Gentamicin,27,23,85.185185185,1784926664570_Resistance_to_antibiotics_in_2022_Eastern_Mediterranean_Region-Bloodstream.csv
Eastern Mediterranean Region,2022,EGY,Egypt,Bloodstream,Acinetobacter spp.,Imipenem,23,21,91.304347826,1784926664570_Resistance_to_antibiotics_in_2022_Eastern_Mediterranean_Region-Bloodstream.csv
Eastern Mediterranean Region,2022,EGY,Egypt,Bloodstream,Acinetobacter spp.,Meropenem,21,19,90.476190476,1784926664570_Resistance_to_antibiotics_in_2022_Eastern_Mediterranean_Region-Bloodstream.csv
Eastern Mediterranean Region,2022,EGY,Egypt,Bloodstream,Acinetobacter spp.,Tigecycline,19,2,10.526315789,1784926664570_Resistance_to_antibiotics_in_2022_Eastern_Mediterranean_Region-Bloodstream.csv
Eastern Mediterranean Region,2022,IRN,Iran (Islamic Republic of),Bloodstream,Acinetobacter spp.,Amikacin,501,388,77.44510978,1784926664570_Resistance_to_antibiotics_in_2022_Eastern_Mediterranean_Region-Bloodstream.csv
Eastern Mediterranean Region,2022,IRN,Iran (Islamic Republic of),Bloodstream,Acinetobacter spp.,Colistin,36,2,5.555555556,1784926664570_Resistance_to_antibiotics_in_2022_Eastern_Mediterranean_Region-Bloodstream.csv
Eastern Mediterranean Region,2022,IRN,Iran (Islamic Republic of),Bloodstream,Acinetobacter spp.,Gentamicin,443,314,70.880361174,1784926664570_Resistance_to_antibiotics_in_2022_Eastern_Mediterranean_Region-Bloodstream.csv
Eastern Mediterranean Region,2022,IRN,Iran (Islamic Republic of),Bloodstream,Acinetobacter spp.,Imipenem,446,405,90.807174888,1784926664570_Resistance_to_antibiotics_in_2022_Eastern_Mediterranean_Region-Bloodstream.csv
Eastern Mediterranean Region,2022,IRN,Iran (Islamic Republic of),Bloodstream,Acinetobacter spp.,Meropenem,348,313,89.942528736,1784926664570_Resistance_to_antibiotics_in_2022_Eastern_Mediterranean_Region-Bloodstream.csv
Eastern Mediterranean Region,2022,IRQ,Iraq,Bloodstream,Acinetobacter spp.,Amikacin,287,147,51.219512195,1784926664570_Resistance_to_antibiotics_in_2022_Eastern_Mediterranean_Region-Bloodstream.csv
Eastern Mediterranean Region,2022,IRQ,Iraq,Bloodstream,Acinetobacter spp.,Colistin,96,10,10.416666667,1784926664570_Resistance_to_antibiotics_in_2022_Eastern_Mediterranean_Region-Bloodstream.csv
Eastern Mediterranean Region,2022,IRQ,Iraq,Bloodstream,Acinetobacter spp.,Gentamicin,349,220,63.037249284,1784926664570_Resistance_to_antibiotics_in_2022_Eastern_Mediterranean_Region-Bloodstream.csv
Eastern Mediterranean Region,2022,IRQ,Iraq,Bloodstream,Acinetobacter spp.,Imipenem,410,275,67.073170732,1784926664570_Resistance_to_antibiotics_in_2022_Eastern_Mediterranean_Region-Bloodstream.csv
Eastern Mediterranean Region,2022,IRQ,Iraq,Bloodstream,Acinetobacter spp.,Meropenem,405,260,64.197530864,1784926664570_Resistance_to_antibiotics_in_2022_Eastern_Mediterranean_Region-Bloodstream.csv
Eastern Mediterranean Region,2022,IRQ,Iraq,Bloodstream,Acinetobacter spp.,Minocycline,86,14,16.279069767,1784926664570_Resistance_to_antibiotics_in_2022_Eastern_Mediterranean_Region-Bloodstream.csv
Eastern Mediterranean Region,2022,IRQ,Iraq,Bloodstream,Acinetobacter spp.,Tigecycline,22,11,50,1784926664570_Resistance_to_antibiotics_in_2022_Eastern_Mediterranean_Region-Bloodstream.csv
Eastern Mediterranean Region,2022,JOR,Jordan,Bloodstream,Acinetobacter spp.,Amikacin,305,181,59.344262295,1784926664570_Resistance_to_antibiotics_in_2022_Eastern_Mediterranean_Region-Bloodstream.csv
Eastern Mediterranean Region,2022,JOR,Jordan,Bloodstream,Acinetobacter spp.,Colistin,181,4,2.209944751,1784926664570_Resistance_to_antibiotics_in_2022_Eastern_Mediterranean_Region-Bloodstream.csv
Eastern Mediterranean Region,2022,JOR,Jordan,Bloodstream,Acinetobacter spp.,Gentamicin,291,170,58.419243986,1784926664570_Resistance_to_antibiotics_in_2022_Eastern_Mediterranean_Region-Bloodstream.csv
Eastern Mediterranean Region,2022,JOR,Jordan,Bloodstream,Acinetobacter spp.,Imipenem,310,232,74.838709677,1784926664570_Resistance_to_antibiotics_in_2022_Eastern_Mediterranean_Region-Bloodstream.csv
Eastern Mediterranean Region,2022,JOR,Jordan,Bloodstream,Acinetobacter spp.,Meropenem,220,166,75.454545455,1784926664570_Resistance_to_antibiotics_in_2022_Eastern_Mediterranean_Region-Bloodstream.csv
Eastern Mediterranean Region,2022,JOR,Jordan,Bloodstream,Acinetobacter spp.,Minocycline,13,6,46.153846154,1784926664570_Resistance_to_antibiotics_in_2022_Eastern_Mediterranean_Region-Bloodstream.csv
Eastern Mediterranean Region,2022,JOR,Jordan,Bloodstream,Acinetobacter spp.,Tigecycline,39,0,0,1784926664570_Resistance_to_antibiotics_in_2022_Eastern_Mediterranean_Region-Bloodstream.csv
Eastern Mediterranean Region,2022,KWT,Kuwait,Bloodstream,Acinetobacter spp.,Amikacin,138,68,49.275362319,1784926664570_Resistance_to_antibiotics_in_2022_Eastern_Mediterranean_Region-Bloodstream.csv
Eastern Mediterranean Region,2022,KWT,Kuwait,Bloodstream,Acinetobacter spp.,Colistin,60,7,11.666666667,1784926664570_Resistance_to_antibiotics_in_2022_Eastern_Mediterranean_Region-Bloodstream.csv
Eastern Mediterranean Region,2022,KWT,Kuwait,Bloodstream,Acinetobacter spp.,Gentamicin,145,72,49.655172414,1784926664570_Resistance_to_antibiotics_in_2022_Eastern_Mediterranean_Region-Bloodstream.csv
Eastern Mediterranean Region,2022,KWT,Kuwait,Bloodstream,Acinetobacter spp.,Imipenem,140,91,65,1784926664570_Resistance_to_antibiotics_in_2022_Eastern_Mediterranean_Region-Bloodstream.csv
Eastern Mediterranean Region,2022,KWT,Kuwait,Bloodstream,Acinetobacter spp.,Meropenem,148,95,64.189189189,1784926664570_Resistance_to_antibiotics_in_2022_Eastern_Mediterranean_Region-Bloodstream.csv
Eastern Mediterranean Region,2022,KWT,Kuwait,Bloodstream,Acinetobacter spp.,Tigecycline,64,12,18.75,1784926664570_Resistance_to_antibiotics_in_2022_Eastern_Mediterranean_Region-Bloodstream.csv
Eastern Mediterranean Region,2022,LBN,Lebanon,Bloodstream,Acinetobacter spp.,Amikacin,10,7,70,1784926664570_Resistance_to_antibiotics_in_2022_Eastern_Mediterranean_Region-Bloodstream.csv
Eastern Mediterranean Region,2022,LBN,Lebanon,Bloodstream,Acinetobacter spp.,Colistin,15,0,0,1784926664570_Resistance_to_antibiotics_in_2022_Eastern_Mediterranean_Region-Bloodstream.csv
Eastern Mediterranean Region,2022,LBN,Lebanon,Bloodstream,Acinetobacter spp.,Gentamicin,23,18,78.260869565,1784926664570_Resistance_to_antibiotics_in_2022_Eastern_Mediterranean_Region-Bloodstream.csv
Eastern Mediterranean Region,2022,LBN,Lebanon,Bloodstream,Acinetobacter spp.,Imipenem,22,15,68.181818182,1784926664570_Resistance_to_antibiotics_in_2022_Eastern_Mediterranean_Region-Bloodstream.csv
Eastern Mediterranean Region,2022,LBN,Lebanon,Bloodstream,Acinetobacter spp.,Meropenem,22,15,68.181818182,1784926664570_Resistance_to_antibiotics_in_2022_Eastern_Mediterranean_Region-Bloodstream.csv
Eastern Mediterranean Region,2022,LBN,Lebanon,Bloodstream,Acinetobacter spp.,Tigecycline,23,9,39.130434783,1784926664570_Resistance_to_antibiotics_in_2022_Eastern_Mediterranean_Region-Bloodstream.csv
Eastern Mediterranean Region,2022,MAR,Morocco,Bloodstream,Acinetobacter spp.,Amikacin,139,108,77.697841727,1784926664570_Resistance_to_antibiotics_in_2022_Eastern_Mediterranean_Region-Bloodstream.csv
Eastern Mediterranean Region,2022,MAR,Morocco,Bloodstream,Acinetobacter spp.,Gentamicin,139,119,85.611510791,1784926664570_Resistance_to_antibiotics_in_2022_Eastern_Mediterranean_Region-Bloodstream.csv
Eastern Mediterranean Region,2022,MAR,Morocco,Bloodstream,Acinetobacter spp.,Imipenem,150,131,87.333333333,1784926664570_Resistance_to_antibiotics_in_2022_Eastern_Mediterranean_Region-Bloodstream.csv
Eastern Mediterranean Region,2022,MAR,Morocco,Bloodstream,Acinetobacter spp.,Meropenem,13,11,84.615384615,1784926664570_Resistance_to_antibiotics_in_2022_Eastern_Mediterranean_Region-Bloodstream.csv
Eastern Mediterranean Region,2022,MAR,Morocco,Bloodstream,Acinetobacter spp.,Minocycline,17,14,82.352941176,1784926664570_Resistance_to_antibiotics_in_2022_Eastern_Mediterranean_Region-Bloodstream.csv
Eastern Mediterranean Region,2022,MAR,Morocco,Bloodstream,Acinetobacter spp.,Tigecycline,51,43,84.31372549,1784926664570_Resistance_to_antibiotics_in_2022_Eastern_Mediterranean_Region-Bloodstream.csv
Eastern Mediterranean Region,2022,OMN,Oman,Bloodstream,Acinetobacter spp.,Amikacin,127,83,65.354330709,1784926664570_Resistance_to_antibiotics_in_2022_Eastern_Mediterranean_Region-Bloodstream.csv
Eastern Mediterranean Region,2022,OMN,Oman,Bloodstream,Acinetobacter spp.,Gentamicin,184,91,49.456521739,1784926664570_Resistance_to_antibiotics_in_2022_Eastern_Mediterranean_Region-Bloodstream.csv
Eastern Mediterranean Region,2022,OMN,Oman,Bloodstream,Acinetobacter spp.,Imipenem,66,49,74.242424242,1784926664570_Resistance_to_antibiotics_in_2022_Eastern_Mediterranean_Region-Bloodstream.csv
Eastern Mediterranean Region,2022,OMN,Oman,Bloodstream,Acinetobacter spp.,Meropenem,127,84,66.141732283,1784926664570_Resistance_to_antibiotics_in_2022_Eastern_Mediterranean_Region-Bloodstream.csv
Eastern Mediterranean Region,2022,PAK,Pakistan,Bloodstream,Acinetobacter spp.,Amikacin,3568,1770,49.607623318,1784926664570_Resistance_to_antibiotics_in_2022_Eastern_Mediterranean_Region-Bloodstream.csv
Eastern Mediterranean Region,2022,PAK,Pakistan,Bloodstream,Acinetobacter spp.,Colistin,1899,55,2.89626119,1784926664570_Resistance_to_antibiotics_in_2022_Eastern_Mediterranean_Region-Bloodstream.csv
Eastern Mediterranean Region,2022,PAK,Pakistan,Bloodstream,Acinetobacter spp.,Gentamicin,2993,1382,46.17440695,1784926664570_Resistance_to_antibiotics_in_2022_Eastern_Mediterranean_Region-Bloodstream.csv
Eastern Mediterranean Region,2022,PAK,Pakistan,Bloodstream,Acinetobacter spp.,Imipenem,3064,1850,60.378590078,1784926664570_Resistance_to_antibiotics_in_2022_Eastern_Mediterranean_Region-Bloodstream.csv
Eastern Mediterranean Region,2022,PAK,Pakistan,Bloodstream,Acinetobacter spp.,Meropenem,3241,2003,61.80191299,1784926664570_Resistance_to_antibiotics_in_2022_Eastern_Mediterranean_Region-Bloodstream.csv
Eastern Mediterranean Region,2022,PAK,Pakistan,Bloodstream,Acinetobacter spp.,Minocycline,984,88,8.943089431,1784926664570_Resistance_to_antibiotics_in_2022_Eastern_Mediterranean_Region-Bloodstream.csv
Eastern Mediterranean Region,2022,PAK,Pakistan,Bloodstream,Acinetobacter spp.,Tigecycline,508,144,28.346456693,1784926664570_Resistance_to_antibiotics_in_2022_Eastern_Mediterranean_Region-Bloodstream.csv
Eastern Mediterranean Region,2022,QAT,Qatar,Bloodstream,Acinetobacter spp.,Amikacin,26,0,0,1784926664570_Resistance_to_antibiotics_in_2022_Eastern_Mediterranean_Region-Bloodstream.csv
Eastern Mediterranean Region,2022,QAT,Qatar,Bloodstream,Acinetobacter spp.,Gentamicin,26,0,0,1784926664570_Resistance_to_antibiotics_in_2022_Eastern_Mediterranean_Region-Bloodstream.csv
Eastern Mediterranean Region,2022,QAT,Qatar,Bloodstream,Acinetobacter spp.,Imipenem,17,0,0,1784926664570_Resistance_to_antibiotics_in_2022_Eastern_Mediterranean_Region-Bloodstream.csv
Eastern Mediterranean Region,2022,QAT,Qatar,Bloodstream,Acinetobacter spp.,Meropenem,17,0,0,1784926664570_Resistance_to_antibiotics_in_2022_Eastern_Mediterranean_Region-Bloodstream.csv
Eastern Mediterranean Region,2022,QAT,Qatar,Bloodstream,Acinetobacter spp.,Tigecycline,21,1,4.761904762,1784926664570_Resistance_to_antibiotics_in_2022_Eastern_Mediterranean_Region-Bloodstream.csv
Eastern Mediterranean Region,2022,SAU,Saudi Arabia,Bloodstream,Acinetobacter spp.,Amikacin,157,96,61.146496815,1784926664570_Resistance_to_antibiotics_in_2022_Eastern_Mediterranean_Region-Bloodstream.csv
Eastern Mediterranean Region,2022,SAU,Saudi Arabia,Bloodstream,Acinetobacter spp.,Colistin,135,14,10.37037037,1784926664570_Resistance_to_antibiotics_in_2022_Eastern_Mediterranean_Region-Bloodstream.csv
Eastern Mediterranean Region,2022,SAU,Saudi Arabia,Bloodstream,Acinetobacter spp.,Gentamicin,214,112,52.336448598,1784926664570_Resistance_to_antibiotics_in_2022_Eastern_Mediterranean_Region-Bloodstream.csv
Eastern Mediterranean Region,2022,SAU,Saudi Arabia,Bloodstream,Acinetobacter spp.,Imipenem,212,171,80.660377358,1784926664570_Resistance_to_antibiotics_in_2022_Eastern_Mediterranean_Region-Bloodstream.csv
Eastern Mediterranean Region,2022,SAU,Saudi Arabia,Bloodstream,Acinetobacter spp.,Meropenem,215,171,79.534883721,1784926664570_Resistance_to_antibiotics_in_2022_Eastern_Mediterranean_Region-Bloodstream.csv
Eastern Mediterranean Region,2022,SAU,Saudi Arabia,Bloodstream,Acinetobacter spp.,Minocycline,10,1,10,1784926664570_Resistance_to_antibiotics_in_2022_Eastern_Mediterranean_Region-Bloodstream.csv
Eastern Mediterranean Region,2022,SAU,Saudi Arabia,Bloodstream,Acinetobacter spp.,Tigecycline,140,35,25,1784926664570_Resistance_to_antibiotics_in_2022_Eastern_Mediterranean_Region-Bloodstream.csv
Eastern Mediterranean Region,2022,SYR,Syrian Arab Republic,Bloodstream,Acinetobacter spp.,Amikacin,24,23,95.833333333,1784926664570_Resistance_to_antibiotics_in_2022_Eastern_Mediterranean_Region-Bloodstream.csv
Eastern Mediterranean Region,2022,SYR,Syrian Arab Republic,Bloodstream,Acinetobacter spp.,Colistin,16,0,0,1784926664570_Resistance_to_antibiotics_in_2022_Eastern_Mediterranean_Region-Bloodstream.csv
Eastern Mediterranean Region,2022,SYR,Syrian Arab Republic,Bloodstream,Acinetobacter spp.,Gentamicin,14,14,100,1784926664570_Resistance_to_antibiotics_in_2022_Eastern_Mediterranean_Region-Bloodstream.csv
Eastern Mediterranean Region,2022,SYR,Syrian Arab Republic,Bloodstream,Acinetobacter spp.,Imipenem,24,23,95.833333333,1784926664570_Resistance_to_antibiotics_in_2022_Eastern_Mediterranean_Region-Bloodstream.csv
Eastern Mediterranean Region,2022,SYR,Syrian Arab Republic,Bloodstream,Acinetobacter spp.,Meropenem,17,16,94.117647059,1784926664570_Resistance_to_antibiotics_in_2022_Eastern_Mediterranean_Region-Bloodstream.csv
Eastern Mediterranean Region,2022,TUN,Tunisia,Bloodstream,Acinetobacter spp.,Amikacin,80,52,65,1784926664570_Resistance_to_antibiotics_in_2022_Eastern_Mediterranean_Region-Bloodstream.csv
Eastern Mediterranean Region,2022,TUN,Tunisia,Bloodstream,Acinetobacter spp.,Colistin,34,0,0,1784926664570_Resistance_to_antibiotics_in_2022_Eastern_Mediterranean_Region-Bloodstream.csv
Eastern Mediterranean Region,2022,TUN,Tunisia,Bloodstream,Acinetobacter spp.,Gentamicin,67,43,64.179104478,1784926664570_Resistance_to_antibiotics_in_2022_Eastern_Mediterranean_Region-Bloodstream.csv
Eastern Mediterranean Region,2022,TUN,Tunisia,Bloodstream,Acinetobacter spp.,Imipenem,77,53,68.831168831,1784926664570_Resistance_to_antibiotics_in_2022_Eastern_Mediterranean_Region-Bloodstream.csv
Eastern Mediterranean Region,2022,TUN,Tunisia,Bloodstream,Acinetobacter spp.,Meropenem,46,28,60.869565217,1784926664570_Resistance_to_antibiotics_in_2022_Eastern_Mediterranean_Region-Bloodstream.csv
Eastern Mediterranean Region,2022,ARE,United Arab Emirates,Bloodstream,Acinetobacter spp.,Amikacin,71,6,8.450704225,1784926664570_Resistance_to_antibiotics_in_2022_Eastern_Mediterranean_Region-Bloodstream.csv
Eastern Mediterranean Region,2022,ARE,United Arab Emirates,Bloodstream,Acinetobacter spp.,Colistin,29,3,10.344827586,1784926664570_Resistance_to_antibiotics_in_2022_Eastern_Mediterranean_Region-Bloodstream.csv
Eastern Mediterranean Region,2022,ARE,United Arab Emirates,Bloodstream,Acinetobacter spp.,Gentamicin,149,28,18.791946309,1784926664570_Resistance_to_antibiotics_in_2022_Eastern_Mediterranean_Region-Bloodstream.csv
Eastern Mediterranean Region,2022,ARE,United Arab Emirates,Bloodstream,Acinetobacter spp.,Imipenem,123,25,20.325203252,1784926664570_Resistance_to_antibiotics_in_2022_Eastern_Mediterranean_Region-Bloodstream.csv
Eastern Mediterranean Region,2022,ARE,United Arab Emirates,Bloodstream,Acinetobacter spp.,Meropenem,149,31,20.805369128,1784926664570_Resistance_to_antibiotics_in_2022_Eastern_Mediterranean_Region-Bloodstream.csv
Eastern Mediterranean Region,2022,ARE,United Arab Emirates,Bloodstream,Acinetobacter spp.,Minocycline,35,0,0,1784926664570_Resistance_to_antibiotics_in_2022_Eastern_Mediterranean_Region-Bloodstream.csv
Eastern Mediterranean Region,2022,YEM,Yemen,Bloodstream,Acinetobacter spp.,Amikacin,37,32,86.486486486,1784926664570_Resistance_to_antibiotics_in_2022_Eastern_Mediterranean_Region-Bloodstream.csv
Eastern Mediterranean Region,2022,YEM,Yemen,Bloodstream,Acinetobacter spp.,Colistin,30,0,0,1784926664570_Resistance_to_antibiotics_in_2022_Eastern_Mediterranean_Region-Bloodstream.csv
Eastern Mediterranean Region,2022,YEM,Yemen,Bloodstream,Acinetobacter spp.,Gentamicin,43,26,60.465116279,1784926664570_Resistance_to_antibiotics_in_2022_Eastern_Mediterranean_Region-Bloodstream.csv
Eastern Mediterranean Region,2022,YEM,Yemen,Bloodstream,Acinetobacter spp.,Imipenem,42,29,69.047619048,1784926664570_Resistance_to_antibiotics_in_2022_Eastern_Mediterranean_Region-Bloodstream.csv
Eastern Mediterranean Region,2022,YEM,Yemen,Bloodstream,Acinetobacter spp.,Meropenem,19,13,68.421052632,1784926664570_Resistance_to_antibiotics_in_2022_Eastern_Mediterranean_Region-Bloodstream.csv
Eastern Mediterranean Region,2023,BHR,Bahrain,Bloodstream,Acinetobacter spp.,Amikacin,91,57,62.637362637,1784926664569_Resistance_to_antibiotics_in_2023_Eastern_Mediterranean_Region-Bloodstream.csv
Eastern Mediterranean Region,2023,BHR,Bahrain,Bloodstream,Acinetobacter spp.,Colistin,76,11,14.473684211,1784926664569_Resistance_to_antibiotics_in_2023_Eastern_Mediterranean_Region-Bloodstream.csv
Eastern Mediterranean Region,2023,BHR,Bahrain,Bloodstream,Acinetobacter spp.,Gentamicin,92,61,66.304347826,1784926664569_Resistance_to_antibiotics_in_2023_Eastern_Mediterranean_Region-Bloodstream.csv
Eastern Mediterranean Region,2023,BHR,Bahrain,Bloodstream,Acinetobacter spp.,Imipenem,101,77,76.237623762,1784926664569_Resistance_to_antibiotics_in_2023_Eastern_Mediterranean_Region-Bloodstream.csv
Eastern Mediterranean Region,2023,BHR,Bahrain,Bloodstream,Acinetobacter spp.,Meropenem,101,78,77.227722772,1784926664569_Resistance_to_antibiotics_in_2023_Eastern_Mediterranean_Region-Bloodstream.csv
Eastern Mediterranean Region,2023,BHR,Bahrain,Bloodstream,Acinetobacter spp.,Minocycline,37,8,21.621621622,1784926664569_Resistance_to_antibiotics_in_2023_Eastern_Mediterranean_Region-Bloodstream.csv
Eastern Mediterranean Region,2023,BHR,Bahrain,Bloodstream,Acinetobacter spp.,Tigecycline,56,5,8.928571429,1784926664569_Resistance_to_antibiotics_in_2023_Eastern_Mediterranean_Region-Bloodstream.csv
Eastern Mediterranean Region,2023,EGY,Egypt,Bloodstream,Acinetobacter spp.,Amikacin,69,53,76.811594203,1784926664569_Resistance_to_antibiotics_in_2023_Eastern_Mediterranean_Region-Bloodstream.csv
Eastern Mediterranean Region,2023,EGY,Egypt,Bloodstream,Acinetobacter spp.,Gentamicin,68,50,73.529411765,1784926664569_Resistance_to_antibiotics_in_2023_Eastern_Mediterranean_Region-Bloodstream.csv
Eastern Mediterranean Region,2023,EGY,Egypt,Bloodstream,Acinetobacter spp.,Imipenem,80,56,70,1784926664569_Resistance_to_antibiotics_in_2023_Eastern_Mediterranean_Region-Bloodstream.csv
Eastern Mediterranean Region,2023,EGY,Egypt,Bloodstream,Acinetobacter spp.,Meropenem,84,58,69.047619048,1784926664569_Resistance_to_antibiotics_in_2023_Eastern_Mediterranean_Region-Bloodstream.csv
Eastern Mediterranean Region,2023,IRN,Iran (Islamic Republic of),Bloodstream,Acinetobacter spp.,Amikacin,624,429,68.75,1784926664569_Resistance_to_antibiotics_in_2023_Eastern_Mediterranean_Region-Bloodstream.csv
Eastern Mediterranean Region,2023,IRN,Iran (Islamic Republic of),Bloodstream,Acinetobacter spp.,Colistin,55,4,7.272727273,1784926664569_Resistance_to_antibiotics_in_2023_Eastern_Mediterranean_Region-Bloodstream.csv
Eastern Mediterranean Region,2023,IRN,Iran (Islamic Republic of),Bloodstream,Acinetobacter spp.,Gentamicin,552,352,63.768115942,1784926664569_Resistance_to_antibiotics_in_2023_Eastern_Mediterranean_Region-Bloodstream.csv
Eastern Mediterranean Region,2023,IRN,Iran (Islamic Republic of),Bloodstream,Acinetobacter spp.,Imipenem,511,425,83.170254403,1784926664569_Resistance_to_antibiotics_in_2023_Eastern_Mediterranean_Region-Bloodstream.csv
Eastern Mediterranean Region,2023,IRN,Iran (Islamic Republic of),Bloodstream,Acinetobacter spp.,Meropenem,475,406,85.473684211,1784926664569_Resistance_to_antibiotics_in_2023_Eastern_Mediterranean_Region-Bloodstream.csv
Eastern Mediterranean Region,2023,IRN,Iran (Islamic Republic of),Bloodstream,Acinetobacter spp.,Minocycline,376,67,17.819148936,1784926664569_Resistance_to_antibiotics_in_2023_Eastern_Mediterranean_Region-Bloodstream.csv
Eastern Mediterranean Region,2023,IRQ,Iraq,Bloodstream,Acinetobacter spp.,Amikacin,263,147,55.893536122,1784926664569_Resistance_to_antibiotics_in_2023_Eastern_Mediterranean_Region-Bloodstream.csv
Eastern Mediterranean Region,2023,IRQ,Iraq,Bloodstream,Acinetobacter spp.,Colistin,242,17,7.024793388,1784926664569_Resistance_to_antibiotics_in_2023_Eastern_Mediterranean_Region-Bloodstream.csv
Eastern Mediterranean Region,2023,IRQ,Iraq,Bloodstream,Acinetobacter spp.,Gentamicin,437,322,73.684210526,1784926664569_Resistance_to_antibiotics_in_2023_Eastern_Mediterranean_Region-Bloodstream.csv
Eastern Mediterranean Region,2023,IRQ,Iraq,Bloodstream,Acinetobacter spp.,Imipenem,457,358,78.336980306,1784926664569_Resistance_to_antibiotics_in_2023_Eastern_Mediterranean_Region-Bloodstream.csv
Eastern Mediterranean Region,2023,IRQ,Iraq,Bloodstream,Acinetobacter spp.,Meropenem,499,363,72.745490982,1784926664569_Resistance_to_antibiotics_in_2023_Eastern_Mediterranean_Region-Bloodstream.csv
Eastern Mediterranean Region,2023,IRQ,Iraq,Bloodstream,Acinetobacter spp.,Minocycline,236,33,13.983050847,1784926664569_Resistance_to_antibiotics_in_2023_Eastern_Mediterranean_Region-Bloodstream.csv
Eastern Mediterranean Region,2023,JOR,Jordan,Bloodstream,Acinetobacter spp.,Amikacin,330,212,64.242424242,1784926664569_Resistance_to_antibiotics_in_2023_Eastern_Mediterranean_Region-Bloodstream.csv
Eastern Mediterranean Region,2023,JOR,Jordan,Bloodstream,Acinetobacter spp.,Colistin,197,1,0.507614213,1784926664569_Resistance_to_antibiotics_in_2023_Eastern_Mediterranean_Region-Bloodstream.csv
Eastern Mediterranean Region,2023,JOR,Jordan,Bloodstream,Acinetobacter spp.,Gentamicin,296,170,57.432432432,1784926664569_Resistance_to_antibiotics_in_2023_Eastern_Mediterranean_Region-Bloodstream.csv
Eastern Mediterranean Region,2023,JOR,Jordan,Bloodstream,Acinetobacter spp.,Imipenem,308,231,75,1784926664569_Resistance_to_antibiotics_in_2023_Eastern_Mediterranean_Region-Bloodstream.csv
Eastern Mediterranean Region,2023,JOR,Jordan,Bloodstream,Acinetobacter spp.,Meropenem,253,183,72.33201581,1784926664569_Resistance_to_antibiotics_in_2023_Eastern_Mediterranean_Region-Bloodstream.csv
Eastern Mediterranean Region,2023,JOR,Jordan,Bloodstream,Acinetobacter spp.,Tigecycline,12,2,16.666666667,1784926664569_Resistance_to_antibiotics_in_2023_Eastern_Mediterranean_Region-Bloodstream.csv
Eastern Mediterranean Region,2023,KWT,Kuwait,Bloodstream,Acinetobacter spp.,Colistin,69,2,2.898550725,1784926664569_Resistance_to_antibiotics_in_2023_Eastern_Mediterranean_Region-Bloodstream.csv
Eastern Mediterranean Region,2023,KWT,Kuwait,Bloodstream,Acinetobacter spp.,Gentamicin,109,40,36.697247706,1784926664569_Resistance_to_antibiotics_in_2023_Eastern_Mediterranean_Region-Bloodstream.csv
Eastern Mediterranean Region,2023,KWT,Kuwait,Bloodstream,Acinetobacter spp.,Imipenem,100,56,56,1784926664569_Resistance_to_antibiotics_in_2023_Eastern_Mediterranean_Region-Bloodstream.csv
Eastern Mediterranean Region,2023,KWT,Kuwait,Bloodstream,Acinetobacter spp.,Meropenem,108,58,53.703703704,1784926664569_Resistance_to_antibiotics_in_2023_Eastern_Mediterranean_Region-Bloodstream.csv
Eastern Mediterranean Region,2023,KWT,Kuwait,Bloodstream,Acinetobacter spp.,Tigecycline,39,6,15.384615385,1784926664569_Resistance_to_antibiotics_in_2023_Eastern_Mediterranean_Region-Bloodstream.csv
Eastern Mediterranean Region,2023,MAR,Morocco,Bloodstream,Acinetobacter spp.,Amikacin,268,217,80.970149254,1784926664569_Resistance_to_antibiotics_in_2023_Eastern_Mediterranean_Region-Bloodstream.csv
Eastern Mediterranean Region,2023,MAR,Morocco,Bloodstream,Acinetobacter spp.,Gentamicin,267,238,89.138576779,1784926664569_Resistance_to_antibiotics_in_2023_Eastern_Mediterranean_Region-Bloodstream.csv
Eastern Mediterranean Region,2023,MAR,Morocco,Bloodstream,Acinetobacter spp.,Imipenem,268,243,90.671641791,1784926664569_Resistance_to_antibiotics_in_2023_Eastern_Mediterranean_Region-Bloodstream.csv
Eastern Mediterranean Region,2023,MAR,Morocco,Bloodstream,Acinetobacter spp.,Meropenem,159,157,98.742138365,1784926664569_Resistance_to_antibiotics_in_2023_Eastern_Mediterranean_Region-Bloodstream.csv
Eastern Mediterranean Region,2023,MAR,Morocco,Bloodstream,Acinetobacter spp.,Tigecycline,89,79,88.764044944,1784926664569_Resistance_to_antibiotics_in_2023_Eastern_Mediterranean_Region-Bloodstream.csv
Eastern Mediterranean Region,2023,OMN,Oman,Bloodstream,Acinetobacter spp.,Amikacin,234,115,49.145299145,1784926664569_Resistance_to_antibiotics_in_2023_Eastern_Mediterranean_Region-Bloodstream.csv
Eastern Mediterranean Region,2023,OMN,Oman,Bloodstream,Acinetobacter spp.,Colistin,39,3,7.692307692,1784926664569_Resistance_to_antibiotics_in_2023_Eastern_Mediterranean_Region-Bloodstream.csv
Eastern Mediterranean Region,2023,OMN,Oman,Bloodstream,Acinetobacter spp.,Gentamicin,232,124,53.448275862,1784926664569_Resistance_to_antibiotics_in_2023_Eastern_Mediterranean_Region-Bloodstream.csv
Eastern Mediterranean Region,2023,OMN,Oman,Bloodstream,Acinetobacter spp.,Imipenem,128,68,53.125,1784926664569_Resistance_to_antibiotics_in_2023_Eastern_Mediterranean_Region-Bloodstream.csv
Eastern Mediterranean Region,2023,OMN,Oman,Bloodstream,Acinetobacter spp.,Meropenem,231,129,55.844155844,1784926664569_Resistance_to_antibiotics_in_2023_Eastern_Mediterranean_Region-Bloodstream.csv
Eastern Mediterranean Region,2023,OMN,Oman,Bloodstream,Acinetobacter spp.,Tigecycline,18,10,55.555555556,1784926664569_Resistance_to_antibiotics_in_2023_Eastern_Mediterranean_Region-Bloodstream.csv
Eastern Mediterranean Region,2023,PAK,Pakistan,Bloodstream,Acinetobacter spp.,Amikacin,2642,1512,57.229371688,1784926664569_Resistance_to_antibiotics_in_2023_Eastern_Mediterranean_Region-Bloodstream.csv
Eastern Mediterranean Region,2023,PAK,Pakistan,Bloodstream,Acinetobacter spp.,Colistin,951,24,2.523659306,1784926664569_Resistance_to_antibiotics_in_2023_Eastern_Mediterranean_Region-Bloodstream.csv
Eastern Mediterranean Region,2023,PAK,Pakistan,Bloodstream,Acinetobacter spp.,Gentamicin,2063,1123,54.435288415,1784926664569_Resistance_to_antibiotics_in_2023_Eastern_Mediterranean_Region-Bloodstream.csv
Eastern Mediterranean Region,2023,PAK,Pakistan,Bloodstream,Acinetobacter spp.,Imipenem,2456,1638,66.693811075,1784926664569_Resistance_to_antibiotics_in_2023_Eastern_Mediterranean_Region-Bloodstream.csv
Eastern Mediterranean Region,2023,PAK,Pakistan,Bloodstream,Acinetobacter spp.,Meropenem,2482,1708,68.815471394,1784926664569_Resistance_to_antibiotics_in_2023_Eastern_Mediterranean_Region-Bloodstream.csv
Eastern Mediterranean Region,2023,PAK,Pakistan,Bloodstream,Acinetobacter spp.,Minocycline,878,30,3.416856492,1784926664569_Resistance_to_antibiotics_in_2023_Eastern_Mediterranean_Region-Bloodstream.csv
Eastern Mediterranean Region,2023,QAT,Qatar,Bloodstream,Acinetobacter spp.,Amikacin,41,1,2.43902439,1784926664569_Resistance_to_antibiotics_in_2023_Eastern_Mediterranean_Region-Bloodstream.csv
Eastern Mediterranean Region,2023,QAT,Qatar,Bloodstream,Acinetobacter spp.,Gentamicin,43,3,6.976744186,1784926664569_Resistance_to_antibiotics_in_2023_Eastern_Mediterranean_Region-Bloodstream.csv
Eastern Mediterranean Region,2023,QAT,Qatar,Bloodstream,Acinetobacter spp.,Imipenem,39,1,2.564102564,1784926664569_Resistance_to_antibiotics_in_2023_Eastern_Mediterranean_Region-Bloodstream.csv
Eastern Mediterranean Region,2023,QAT,Qatar,Bloodstream,Acinetobacter spp.,Meropenem,42,1,2.380952381,1784926664569_Resistance_to_antibiotics_in_2023_Eastern_Mediterranean_Region-Bloodstream.csv
Eastern Mediterranean Region,2023,QAT,Qatar,Bloodstream,Acinetobacter spp.,Tigecycline,28,2,7.142857143,1784926664569_Resistance_to_antibiotics_in_2023_Eastern_Mediterranean_Region-Bloodstream.csv
Eastern Mediterranean Region,2023,SAU,Saudi Arabia,Bloodstream,Acinetobacter spp.,Amikacin,129,81,62.790697674,1784926664569_Resistance_to_antibiotics_in_2023_Eastern_Mediterranean_Region-Bloodstream.csv
Eastern Mediterranean Region,2023,SAU,Saudi Arabia,Bloodstream,Acinetobacter spp.,Colistin,88,11,12.5,1784926664569_Resistance_to_antibiotics_in_2023_Eastern_Mediterranean_Region-Bloodstream.csv
Eastern Mediterranean Region,2023,SAU,Saudi Arabia,Bloodstream,Acinetobacter spp.,Gentamicin,167,86,51.497005988,1784926664569_Resistance_to_antibiotics_in_2023_Eastern_Mediterranean_Region-Bloodstream.csv
Eastern Mediterranean Region,2023,SAU,Saudi Arabia,Bloodstream,Acinetobacter spp.,Imipenem,155,120,77.419354839,1784926664569_Resistance_to_antibiotics_in_2023_Eastern_Mediterranean_Region-Bloodstream.csv
Eastern Mediterranean Region,2023,SAU,Saudi Arabia,Bloodstream,Acinetobacter spp.,Meropenem,167,118,70.658682635,1784926664569_Resistance_to_antibiotics_in_2023_Eastern_Mediterranean_Region-Bloodstream.csv
Eastern Mediterranean Region,2023,SAU,Saudi Arabia,Bloodstream,Acinetobacter spp.,Tigecycline,74,10,13.513513514,1784926664569_Resistance_to_antibiotics_in_2023_Eastern_Mediterranean_Region-Bloodstream.csv
Eastern Mediterranean Region,2023,TUN,Tunisia,Bloodstream,Acinetobacter spp.,Amikacin,163,120,73.619631902,1784926664569_Resistance_to_antibiotics_in_2023_Eastern_Mediterranean_Region-Bloodstream.csv
Eastern Mediterranean Region,2023,TUN,Tunisia,Bloodstream,Acinetobacter spp.,Colistin,66,16,24.242424242,1784926664569_Resistance_to_antibiotics_in_2023_Eastern_Mediterranean_Region-Bloodstream.csv
Eastern Mediterranean Region,2023,TUN,Tunisia,Bloodstream,Acinetobacter spp.,Gentamicin,164,135,82.317073171,1784926664569_Resistance_to_antibiotics_in_2023_Eastern_Mediterranean_Region-Bloodstream.csv
Eastern Mediterranean Region,2023,TUN,Tunisia,Bloodstream,Acinetobacter spp.,Imipenem,158,131,82.911392405,1784926664569_Resistance_to_antibiotics_in_2023_Eastern_Mediterranean_Region-Bloodstream.csv
Eastern Mediterranean Region,2023,TUN,Tunisia,Bloodstream,Acinetobacter spp.,Meropenem,155,132,85.161290323,1784926664569_Resistance_to_antibiotics_in_2023_Eastern_Mediterranean_Region-Bloodstream.csv
Eastern Mediterranean Region,2023,ARE,United Arab Emirates,Bloodstream,Acinetobacter spp.,Amikacin,83,9,10.843373494,1784926664569_Resistance_to_antibiotics_in_2023_Eastern_Mediterranean_Region-Bloodstream.csv
Eastern Mediterranean Region,2023,ARE,United Arab Emirates,Bloodstream,Acinetobacter spp.,Colistin,23,3,13.043478261,1784926664569_Resistance_to_antibiotics_in_2023_Eastern_Mediterranean_Region-Bloodstream.csv
Eastern Mediterranean Region,2023,ARE,United Arab Emirates,Bloodstream,Acinetobacter spp.,Gentamicin,147,16,10.884353741,1784926664569_Resistance_to_antibiotics_in_2023_Eastern_Mediterranean_Region-Bloodstream.csv
Eastern Mediterranean Region,2023,ARE,United Arab Emirates,Bloodstream,Acinetobacter spp.,Imipenem,135,15,11.111111111,1784926664569_Resistance_to_antibiotics_in_2023_Eastern_Mediterranean_Region-Bloodstream.csv
Eastern Mediterranean Region,2023,ARE,United Arab Emirates,Bloodstream,Acinetobacter spp.,Meropenem,144,15,10.416666667,1784926664569_Resistance_to_antibiotics_in_2023_Eastern_Mediterranean_Region-Bloodstream.csv
Eastern Mediterranean Region,2023,ARE,United Arab Emirates,Bloodstream,Acinetobacter spp.,Minocycline,28,1,3.571428571,1784926664569_Resistance_to_antibiotics_in_2023_Eastern_Mediterranean_Region-Bloodstream.csv
Eastern Mediterranean Region,2023,YEM,Yemen,Bloodstream,Acinetobacter spp.,Amikacin,50,29,58,1784926664569_Resistance_to_antibiotics_in_2023_Eastern_Mediterranean_Region-Bloodstream.csv
Eastern Mediterranean Region,2023,YEM,Yemen,Bloodstream,Acinetobacter spp.,Colistin,12,3,25,1784926664569_Resistance_to_antibiotics_in_2023_Eastern_Mediterranean_Region-Bloodstream.csv
Eastern Mediterranean Region,2023,YEM,Yemen,Bloodstream,Acinetobacter spp.,Gentamicin,45,27,60,1784926664569_Resistance_to_antibiotics_in_2023_Eastern_Mediterranean_Region-Bloodstream.csv
Eastern Mediterranean Region,2023,YEM,Yemen,Bloodstream,Acinetobacter spp.,Imipenem,53,28,52.830188679,1784926664569_Resistance_to_antibiotics_in_2023_Eastern_Mediterranean_Region-Bloodstream.csv
Eastern Mediterranean Region,2023,YEM,Yemen,Bloodstream,Acinetobacter spp.,Meropenem,54,37,68.518518519,1784926664569_Resistance_to_antibiotics_in_2023_Eastern_Mediterranean_Region-Bloodstream.csv
Eastern Mediterranean Region,2023,PSE,"occupied Palestinian territory, including east Jerusalem",Bloodstream,Acinetobacter spp.,Amikacin,102,67,65.68627451,1784926664569_Resistance_to_antibiotics_in_2023_Eastern_Mediterranean_Region-Bloodstream.csv
Eastern Mediterranean Region,2023,PSE,"occupied Palestinian territory, including east Jerusalem",Bloodstream,Acinetobacter spp.,Colistin,52,0,0,1784926664569_Resistance_to_antibiotics_in_2023_Eastern_Mediterranean_Region-Bloodstream.csv
Eastern Mediterranean Region,2023,PSE,"occupied Palestinian territory, including east Jerusalem",Bloodstream,Acinetobacter spp.,Gentamicin,102,66,64.705882353,1784926664569_Resistance_to_antibiotics_in_2023_Eastern_Mediterranean_Region-Bloodstream.csv
Eastern Mediterranean Region,2023,PSE,"occupied Palestinian territory, including east Jerusalem",Bloodstream,Acinetobacter spp.,Imipenem,76,40,52.631578947,1784926664569_Resistance_to_antibiotics_in_2023_Eastern_Mediterranean_Region-Bloodstream.csv
Eastern Mediterranean Region,2023,PSE,"occupied Palestinian territory, including east Jerusalem",Bloodstream,Acinetobacter spp.,Meropenem,120,77,64.166666667,1784926664569_Resistance_to_antibiotics_in_2023_Eastern_Mediterranean_Region-Bloodstream.csv
European Region,2020,AUT,Austria,Bloodstream,Acinetobacter spp.,Amikacin,46,4,8.695652174,Resistance_to_antibiotics_in_2020_European_Region-Bloodstream.csv
European Region,2020,AUT,Austria,Bloodstream,Acinetobacter spp.,Gentamicin,57,5,8.771929825,Resistance_to_antibiotics_in_2020_European_Region-Bloodstream.csv
European Region,2020,AUT,Austria,Bloodstream,Acinetobacter spp.,Imipenem,35,4,11.428571429,Resistance_to_antibiotics_in_2020_European_Region-Bloodstream.csv
European Region,2020,AUT,Austria,Bloodstream,Acinetobacter spp.,Meropenem,69,5,7.246376812,Resistance_to_antibiotics_in_2020_European_Region-Bloodstream.csv
European Region,2020,BEL,Belgium,Bloodstream,Acinetobacter spp.,Amikacin,154,2,1.298701299,Resistance_to_antibiotics_in_2020_European_Region-Bloodstream.csv
European Region,2020,BEL,Belgium,Bloodstream,Acinetobacter spp.,Colistin,21,0,0,Resistance_to_antibiotics_in_2020_European_Region-Bloodstream.csv
European Region,2020,BEL,Belgium,Bloodstream,Acinetobacter spp.,Gentamicin,145,4,2.75862069,Resistance_to_antibiotics_in_2020_European_Region-Bloodstream.csv
European Region,2020,BEL,Belgium,Bloodstream,Acinetobacter spp.,Imipenem,46,1,2.173913043,Resistance_to_antibiotics_in_2020_European_Region-Bloodstream.csv
European Region,2020,BEL,Belgium,Bloodstream,Acinetobacter spp.,Meropenem,160,2,1.25,Resistance_to_antibiotics_in_2020_European_Region-Bloodstream.csv
European Region,2020,BIH,Bosnia and Herzegovina,Bloodstream,Acinetobacter spp.,Amikacin,348,330,94.827586207,Resistance_to_antibiotics_in_2020_European_Region-Bloodstream.csv
European Region,2020,BIH,Bosnia and Herzegovina,Bloodstream,Acinetobacter spp.,Colistin,60,0,0,Resistance_to_antibiotics_in_2020_European_Region-Bloodstream.csv
European Region,2020,BIH,Bosnia and Herzegovina,Bloodstream,Acinetobacter spp.,Gentamicin,348,330,94.827586207,Resistance_to_antibiotics_in_2020_European_Region-Bloodstream.csv
European Region,2020,BIH,Bosnia and Herzegovina,Bloodstream,Acinetobacter spp.,Imipenem,348,340,97.701149425,Resistance_to_antibiotics_in_2020_European_Region-Bloodstream.csv
European Region,2020,BIH,Bosnia and Herzegovina,Bloodstream,Acinetobacter spp.,Meropenem,346,338,97.687861272,Resistance_to_antibiotics_in_2020_European_Region-Bloodstream.csv
European Region,2020,HRV,Croatia,Bloodstream,Acinetobacter spp.,Amikacin,224,211,94.196428571,Resistance_to_antibiotics_in_2020_European_Region-Bloodstream.csv
European Region,2020,HRV,Croatia,Bloodstream,Acinetobacter spp.,Gentamicin,225,217,96.444444444,Resistance_to_antibiotics_in_2020_European_Region-Bloodstream.csv
European Region,2020,HRV,Croatia,Bloodstream,Acinetobacter spp.,Imipenem,225,217,96.444444444,Resistance_to_antibiotics_in_2020_European_Region-Bloodstream.csv
European Region,2020,HRV,Croatia,Bloodstream,Acinetobacter spp.,Meropenem,225,217,96.444444444,Resistance_to_antibiotics_in_2020_European_Region-Bloodstream.csv
European Region,2020,CYP,Cyprus,Bloodstream,Acinetobacter spp.,Amikacin,38,25,65.789473684,Resistance_to_antibiotics_in_2020_European_Region-Bloodstream.csv
European Region,2020,CYP,Cyprus,Bloodstream,Acinetobacter spp.,Colistin,110,8,7.272727273,Resistance_to_antibiotics_in_2020_European_Region-Bloodstream.csv
European Region,2020,CYP,Cyprus,Bloodstream,Acinetobacter spp.,Gentamicin,116,80,68.965517241,Resistance_to_antibiotics_in_2020_European_Region-Bloodstream.csv
European Region,2020,CYP,Cyprus,Bloodstream,Acinetobacter spp.,Imipenem,116,94,81.034482759,Resistance_to_antibiotics_in_2020_European_Region-Bloodstream.csv
European Region,2020,CYP,Cyprus,Bloodstream,Acinetobacter spp.,Meropenem,116,94,81.034482759,Resistance_to_antibiotics_in_2020_European_Region-Bloodstream.csv
European Region,2020,CZE,Czechia,Bloodstream,Acinetobacter spp.,Amikacin,82,21,25.609756098,Resistance_to_antibiotics_in_2020_European_Region-Bloodstream.csv
European Region,2020,CZE,Czechia,Bloodstream,Acinetobacter spp.,Colistin,82,4,4.87804878,Resistance_to_antibiotics_in_2020_European_Region-Bloodstream.csv
European Region,2020,CZE,Czechia,Bloodstream,Acinetobacter spp.,Gentamicin,82,27,32.926829268,Resistance_to_antibiotics_in_2020_European_Region-Bloodstream.csv
European Region,2020,CZE,Czechia,Bloodstream,Acinetobacter spp.,Imipenem,82,27,32.926829268,Resistance_to_antibiotics_in_2020_European_Region-Bloodstream.csv
European Region,2020,CZE,Czechia,Bloodstream,Acinetobacter spp.,Meropenem,82,24,29.268292683,Resistance_to_antibiotics_in_2020_European_Region-Bloodstream.csv
European Region,2020,DNK,Denmark,Bloodstream,Acinetobacter spp.,Gentamicin,78,6,7.692307692,Resistance_to_antibiotics_in_2020_European_Region-Bloodstream.csv
European Region,2020,DNK,Denmark,Bloodstream,Acinetobacter spp.,Meropenem,77,6,7.792207792,Resistance_to_antibiotics_in_2020_European_Region-Bloodstream.csv
European Region,2020,FIN,Finland,Bloodstream,Acinetobacter spp.,Meropenem,39,2,5.128205128,Resistance_to_antibiotics_in_2020_European_Region-Bloodstream.csv
European Region,2020,FRA,France,Bloodstream,Acinetobacter spp.,Amikacin,542,23,4.243542435,Resistance_to_antibiotics_in_2020_European_Region-Bloodstream.csv
European Region,2020,FRA,France,Bloodstream,Acinetobacter spp.,Colistin,20,1,5,Resistance_to_antibiotics_in_2020_European_Region-Bloodstream.csv
European Region,2020,FRA,France,Bloodstream,Acinetobacter spp.,Gentamicin,643,40,6.220839813,Resistance_to_antibiotics_in_2020_European_Region-Bloodstream.csv
European Region,2020,FRA,France,Bloodstream,Acinetobacter spp.,Imipenem,684,21,3.070175439,Resistance_to_antibiotics_in_2020_European_Region-Bloodstream.csv
European Region,2020,FRA,France,Bloodstream,Acinetobacter spp.,Meropenem,489,16,3.27198364,Resistance_to_antibiotics_in_2020_European_Region-Bloodstream.csv
European Region,2020,GEO,Georgia,Bloodstream,Acinetobacter spp.,Amikacin,80,50,62.5,Resistance_to_antibiotics_in_2020_European_Region-Bloodstream.csv
European Region,2020,GEO,Georgia,Bloodstream,Acinetobacter spp.,Colistin,26,0,0,Resistance_to_antibiotics_in_2020_European_Region-Bloodstream.csv
European Region,2020,GEO,Georgia,Bloodstream,Acinetobacter spp.,Gentamicin,166,93,56.024096386,Resistance_to_antibiotics_in_2020_European_Region-Bloodstream.csv
European Region,2020,GEO,Georgia,Bloodstream,Acinetobacter spp.,Imipenem,171,115,67.251461988,Resistance_to_antibiotics_in_2020_European_Region-Bloodstream.csv
European Region,2020,GEO,Georgia,Bloodstream,Acinetobacter spp.,Meropenem,172,117,68.023255814,Resistance_to_antibiotics_in_2020_European_Region-Bloodstream.csv
European Region,2020,DEU,Germany,Bloodstream,Acinetobacter spp.,Amikacin,219,7,3.196347032,Resistance_to_antibiotics_in_2020_European_Region-Bloodstream.csv
European Region,2020,DEU,Germany,Bloodstream,Acinetobacter spp.,Gentamicin,517,21,4.061895551,Resistance_to_antibiotics_in_2020_European_Region-Bloodstream.csv
European Region,2020,DEU,Germany,Bloodstream,Acinetobacter spp.,Imipenem,544,19,3.492647059,Resistance_to_antibiotics_in_2020_European_Region-Bloodstream.csv
European Region,2020,DEU,Germany,Bloodstream,Acinetobacter spp.,Meropenem,563,17,3.019538188,Resistance_to_antibiotics_in_2020_European_Region-Bloodstream.csv
European Region,2020,GRC,Greece,Bloodstream,Acinetobacter spp.,Amikacin,724,651,89.917127072,Resistance_to_antibiotics_in_2020_European_Region-Bloodstream.csv
European Region,2020,GRC,Greece,Bloodstream,Acinetobacter spp.,Gentamicin,725,653,90.068965517,Resistance_to_antibiotics_in_2020_European_Region-Bloodstream.csv
European Region,2020,GRC,Greece,Bloodstream,Acinetobacter spp.,Imipenem,662,627,94.712990937,Resistance_to_antibiotics_in_2020_European_Region-Bloodstream.csv
European Region,2020,GRC,Greece,Bloodstream,Acinetobacter spp.,Meropenem,693,652,94.083694084,Resistance_to_antibiotics_in_2020_European_Region-Bloodstream.csv
European Region,2020,IRL,Ireland,Bloodstream,Acinetobacter spp.,Amikacin,14,0,0,Resistance_to_antibiotics_in_2020_European_Region-Bloodstream.csv
European Region,2020,IRL,Ireland,Bloodstream,Acinetobacter spp.,Gentamicin,44,0,0,Resistance_to_antibiotics_in_2020_European_Region-Bloodstream.csv
European Region,2020,IRL,Ireland,Bloodstream,Acinetobacter spp.,Meropenem,48,0,0,Resistance_to_antibiotics_in_2020_European_Region-Bloodstream.csv
European Region,2020,ITA,Italy,Bloodstream,Acinetobacter spp.,Amikacin,2394,1844,77.025898079,Resistance_to_antibiotics_in_2020_European_Region-Bloodstream.csv
European Region,2020,ITA,Italy,Bloodstream,Acinetobacter spp.,Colistin,1762,157,8.910329171,Resistance_to_antibiotics_in_2020_European_Region-Bloodstream.csv
European Region,2020,ITA,Italy,Bloodstream,Acinetobacter spp.,Gentamicin,2496,2003,80.248397436,Resistance_to_antibiotics_in_2020_European_Region-Bloodstream.csv
European Region,2020,ITA,Italy,Bloodstream,Acinetobacter spp.,Imipenem,1449,1234,85.162180814,Resistance_to_antibiotics_in_2020_European_Region-Bloodstream.csv
European Region,2020,ITA,Italy,Bloodstream,Acinetobacter spp.,Meropenem,2537,2045,80.607016161,Resistance_to_antibiotics_in_2020_European_Region-Bloodstream.csv
European Region,2020,XKX,Kosovo,Bloodstream,Acinetobacter spp.,Amikacin,58,49,84.482758621,Resistance_to_antibiotics_in_2020_European_Region-Bloodstream.csv
European Region,2020,XKX,Kosovo,Bloodstream,Acinetobacter spp.,Colistin,59,0,0,Resistance_to_antibiotics_in_2020_European_Region-Bloodstream.csv
European Region,2020,XKX,Kosovo,Bloodstream,Acinetobacter spp.,Gentamicin,59,43,72.881355932,Resistance_to_antibiotics_in_2020_European_Region-Bloodstream.csv
European Region,2020,XKX,Kosovo,Bloodstream,Acinetobacter spp.,Imipenem,59,50,84.745762712,Resistance_to_antibiotics_in_2020_European_Region-Bloodstream.csv
European Region,2020,XKX,Kosovo,Bloodstream,Acinetobacter spp.,Meropenem,59,50,84.745762712,Resistance_to_antibiotics_in_2020_European_Region-Bloodstream.csv
European Region,2020,LVA,Latvia,Bloodstream,Acinetobacter spp.,Amikacin,52,37,71.153846154,Resistance_to_antibiotics_in_2020_European_Region-Bloodstream.csv
European Region,2020,LVA,Latvia,Bloodstream,Acinetobacter spp.,Colistin,44,0,0,Resistance_to_antibiotics_in_2020_European_Region-Bloodstream.csv
European Region,2020,LVA,Latvia,Bloodstream,Acinetobacter spp.,Gentamicin,52,33,63.461538462,Resistance_to_antibiotics_in_2020_European_Region-Bloodstream.csv
European Region,2020,LVA,Latvia,Bloodstream,Acinetobacter spp.,Imipenem,50,43,86,Resistance_to_antibiotics_in_2020_European_Region-Bloodstream.csv
European Region,2020,LVA,Latvia,Bloodstream,Acinetobacter spp.,Meropenem,36,31,86.111111111,Resistance_to_antibiotics_in_2020_European_Region-Bloodstream.csv
European Region,2020,LTU,Lithuania,Bloodstream,Acinetobacter spp.,Amikacin,156,143,91.666666667,Resistance_to_antibiotics_in_2020_European_Region-Bloodstream.csv
European Region,2020,LTU,Lithuania,Bloodstream,Acinetobacter spp.,Colistin,109,40,36.697247706,Resistance_to_antibiotics_in_2020_European_Region-Bloodstream.csv
European Region,2020,LTU,Lithuania,Bloodstream,Acinetobacter spp.,Gentamicin,153,132,86.274509804,Resistance_to_antibiotics_in_2020_European_Region-Bloodstream.csv
European Region,2020,LTU,Lithuania,Bloodstream,Acinetobacter spp.,Imipenem,134,127,94.776119403,Resistance_to_antibiotics_in_2020_European_Region-Bloodstream.csv
European Region,2020,LTU,Lithuania,Bloodstream,Acinetobacter spp.,Meropenem,154,140,90.909090909,Resistance_to_antibiotics_in_2020_European_Region-Bloodstream.csv
European Region,2020,NLD,Netherlands (Kingdom of the),Bloodstream,Acinetobacter spp.,Amikacin,34,0,0,Resistance_to_antibiotics_in_2020_European_Region-Bloodstream.csv
European Region,2020,NLD,Netherlands (Kingdom of the),Bloodstream,Acinetobacter spp.,Gentamicin,139,2,1.438848921,Resistance_to_antibiotics_in_2020_European_Region-Bloodstream.csv
European Region,2020,NLD,Netherlands (Kingdom of the),Bloodstream,Acinetobacter spp.,Imipenem,109,1,0.917431193,Resistance_to_antibiotics_in_2020_European_Region-Bloodstream.csv
European Region,2020,NLD,Netherlands (Kingdom of the),Bloodstream,Acinetobacter spp.,Meropenem,142,1,0.704225352,Resistance_to_antibiotics_in_2020_European_Region-Bloodstream.csv
European Region,2020,MKD,North Macedonia,Bloodstream,Acinetobacter spp.,Amikacin,38,33,86.842105263,Resistance_to_antibiotics_in_2020_European_Region-Bloodstream.csv
European Region,2020,MKD,North Macedonia,Bloodstream,Acinetobacter spp.,Colistin,38,2,5.263157895,Resistance_to_antibiotics_in_2020_European_Region-Bloodstream.csv
European Region,2020,MKD,North Macedonia,Bloodstream,Acinetobacter spp.,Gentamicin,39,32,82.051282051,Resistance_to_antibiotics_in_2020_European_Region-Bloodstream.csv
European Region,2020,MKD,North Macedonia,Bloodstream,Acinetobacter spp.,Imipenem,39,37,94.871794872,Resistance_to_antibiotics_in_2020_European_Region-Bloodstream.csv
European Region,2020,MKD,North Macedonia,Bloodstream,Acinetobacter spp.,Meropenem,39,38,97.435897436,Resistance_to_antibiotics_in_2020_European_Region-Bloodstream.csv
European Region,2020,NOR,Norway,Bloodstream,Acinetobacter spp.,Gentamicin,24,0,0,Resistance_to_antibiotics_in_2020_European_Region-Bloodstream.csv
European Region,2020,NOR,Norway,Bloodstream,Acinetobacter spp.,Meropenem,31,0,0,Resistance_to_antibiotics_in_2020_European_Region-Bloodstream.csv
European Region,2020,POL,Poland,Bloodstream,Acinetobacter spp.,Amikacin,340,220,64.705882353,Resistance_to_antibiotics_in_2020_European_Region-Bloodstream.csv
European Region,2020,POL,Poland,Bloodstream,Acinetobacter spp.,Colistin,298,2,0.67114094,Resistance_to_antibiotics_in_2020_European_Region-Bloodstream.csv
European Region,2020,POL,Poland,Bloodstream,Acinetobacter spp.,Gentamicin,363,216,59.504132231,Resistance_to_antibiotics_in_2020_European_Region-Bloodstream.csv
European Region,2020,POL,Poland,Bloodstream,Acinetobacter spp.,Imipenem,356,279,78.370786517,Resistance_to_antibiotics_in_2020_European_Region-Bloodstream.csv
European Region,2020,POL,Poland,Bloodstream,Acinetobacter spp.,Meropenem,367,284,77.384196185,Resistance_to_antibiotics_in_2020_European_Region-Bloodstream.csv
European Region,2020,MDA,Republic of Moldova,Bloodstream,Acinetobacter spp.,Amikacin,58,50,86.206896552,Resistance_to_antibiotics_in_2020_European_Region-Bloodstream.csv
European Region,2020,MDA,Republic of Moldova,Bloodstream,Acinetobacter spp.,Gentamicin,58,57,98.275862069,Resistance_to_antibiotics_in_2020_European_Region-Bloodstream.csv
European Region,2020,MDA,Republic of Moldova,Bloodstream,Acinetobacter spp.,Imipenem,57,53,92.98245614,Resistance_to_antibiotics_in_2020_European_Region-Bloodstream.csv
European Region,2020,MDA,Republic of Moldova,Bloodstream,Acinetobacter spp.,Meropenem,58,51,87.931034483,Resistance_to_antibiotics_in_2020_European_Region-Bloodstream.csv
European Region,2020,RUS,Russian Federation,Bloodstream,Acinetobacter spp.,Amikacin,244,225,92.213114754,Resistance_to_antibiotics_in_2020_European_Region-Bloodstream.csv
European Region,2020,RUS,Russian Federation,Bloodstream,Acinetobacter spp.,Colistin,85,1,1.176470588,Resistance_to_antibiotics_in_2020_European_Region-Bloodstream.csv
European Region,2020,RUS,Russian Federation,Bloodstream,Acinetobacter spp.,Gentamicin,203,185,91.133004926,Resistance_to_antibiotics_in_2020_European_Region-Bloodstream.csv
European Region,2020,RUS,Russian Federation,Bloodstream,Acinetobacter spp.,Imipenem,203,188,92.610837438,Resistance_to_antibiotics_in_2020_European_Region-Bloodstream.csv
European Region,2020,RUS,Russian Federation,Bloodstream,Acinetobacter spp.,Meropenem,253,234,92.490118577,Resistance_to_antibiotics_in_2020_European_Region-Bloodstream.csv
European Region,2020,SWE,Sweden,Bloodstream,Acinetobacter spp.,Amikacin,122,14,11.475409836,Resistance_to_antibiotics_in_2020_European_Region-Bloodstream.csv
European Region,2020,SWE,Sweden,Bloodstream,Acinetobacter spp.,Gentamicin,180,20,11.111111111,Resistance_to_antibiotics_in_2020_European_Region-Bloodstream.csv
European Region,2020,SWE,Sweden,Bloodstream,Acinetobacter spp.,Imipenem,190,18,9.473684211,Resistance_to_antibiotics_in_2020_European_Region-Bloodstream.csv
European Region,2020,SWE,Sweden,Bloodstream,Acinetobacter spp.,Meropenem,250,18,7.2,Resistance_to_antibiotics_in_2020_European_Region-Bloodstream.csv
European Region,2020,CHE,Switzerland,Bloodstream,Acinetobacter spp.,Amikacin,73,5,6.849315068,Resistance_to_antibiotics_in_2020_European_Region-Bloodstream.csv
European Region,2020,CHE,Switzerland,Bloodstream,Acinetobacter spp.,Colistin,11,2,18.181818182,Resistance_to_antibiotics_in_2020_European_Region-Bloodstream.csv
European Region,2020,CHE,Switzerland,Bloodstream,Acinetobacter spp.,Gentamicin,81,11,13.580246914,Resistance_to_antibiotics_in_2020_European_Region-Bloodstream.csv
European Region,2020,CHE,Switzerland,Bloodstream,Acinetobacter spp.,Imipenem,91,9,9.89010989,Resistance_to_antibiotics_in_2020_European_Region-Bloodstream.csv
European Region,2020,CHE,Switzerland,Bloodstream,Acinetobacter spp.,Meropenem,83,9,10.843373494,Resistance_to_antibiotics_in_2020_European_Region-Bloodstream.csv
European Region,2020,UKR,Ukraine,Bloodstream,Acinetobacter spp.,Amikacin,45,36,80,Resistance_to_antibiotics_in_2020_European_Region-Bloodstream.csv
European Region,2020,UKR,Ukraine,Bloodstream,Acinetobacter spp.,Colistin,24,0,0,Resistance_to_antibiotics_in_2020_European_Region-Bloodstream.csv
European Region,2020,UKR,Ukraine,Bloodstream,Acinetobacter spp.,Gentamicin,37,26,70.27027027,Resistance_to_antibiotics_in_2020_European_Region-Bloodstream.csv
European Region,2020,UKR,Ukraine,Bloodstream,Acinetobacter spp.,Imipenem,45,35,77.777777778,Resistance_to_antibiotics_in_2020_European_Region-Bloodstream.csv
European Region,2020,UKR,Ukraine,Bloodstream,Acinetobacter spp.,Meropenem,48,37,77.083333333,Resistance_to_antibiotics_in_2020_European_Region-Bloodstream.csv
European Region,2020,GBR,United Kingdom of Great Britain and Northern Ireland,Bloodstream,Acinetobacter spp.,Amikacin,258,6,2.325581395,Resistance_to_antibiotics_in_2020_European_Region-Bloodstream.csv
European Region,2020,GBR,United Kingdom of Great Britain and Northern Ireland,Bloodstream,Acinetobacter spp.,Gentamicin,568,12,2.112676056,Resistance_to_antibiotics_in_2020_European_Region-Bloodstream.csv
European Region,2020,GBR,United Kingdom of Great Britain and Northern Ireland,Bloodstream,Acinetobacter spp.,Imipenem,123,3,2.43902439,Resistance_to_antibiotics_in_2020_European_Region-Bloodstream.csv
European Region,2020,GBR,United Kingdom of Great Britain and Northern Ireland,Bloodstream,Acinetobacter spp.,Meropenem,568,10,1.76056338,Resistance_to_antibiotics_in_2020_European_Region-Bloodstream.csv
European Region,2021,AUT,Austria,Bloodstream,Acinetobacter spp.,Amikacin,60,7,11.666666667,Resistance_to_antibiotics_in_2021_European_Region-Bloodstream.csv
European Region,2021,AUT,Austria,Bloodstream,Acinetobacter spp.,Gentamicin,50,6,12,Resistance_to_antibiotics_in_2021_European_Region-Bloodstream.csv
European Region,2021,AUT,Austria,Bloodstream,Acinetobacter spp.,Imipenem,52,6,11.538461538,Resistance_to_antibiotics_in_2021_European_Region-Bloodstream.csv
European Region,2021,AUT,Austria,Bloodstream,Acinetobacter spp.,Meropenem,70,7,10,Resistance_to_antibiotics_in_2021_European_Region-Bloodstream.csv
European Region,2021,BEL,Belgium,Bloodstream,Acinetobacter spp.,Amikacin,144,5,3.472222222,Resistance_to_antibiotics_in_2021_European_Region-Bloodstream.csv
European Region,2021,BEL,Belgium,Bloodstream,Acinetobacter spp.,Colistin,45,2,4.444444444,Resistance_to_antibiotics_in_2021_European_Region-Bloodstream.csv
European Region,2021,BEL,Belgium,Bloodstream,Acinetobacter spp.,Gentamicin,141,8,5.673758865,Resistance_to_antibiotics_in_2021_European_Region-Bloodstream.csv
European Region,2021,BEL,Belgium,Bloodstream,Acinetobacter spp.,Imipenem,49,2,4.081632653,Resistance_to_antibiotics_in_2021_European_Region-Bloodstream.csv
European Region,2021,BEL,Belgium,Bloodstream,Acinetobacter spp.,Meropenem,166,2,1.204819277,Resistance_to_antibiotics_in_2021_European_Region-Bloodstream.csv
European Region,2021,BIH,Bosnia and Herzegovina,Bloodstream,Acinetobacter spp.,Amikacin,689,676,98.113207547,Resistance_to_antibiotics_in_2021_European_Region-Bloodstream.csv
European Region,2021,BIH,Bosnia and Herzegovina,Bloodstream,Acinetobacter spp.,Colistin,109,4,3.669724771,Resistance_to_antibiotics_in_2021_European_Region-Bloodstream.csv
European Region,2021,BIH,Bosnia and Herzegovina,Bloodstream,Acinetobacter spp.,Gentamicin,684,682,99.707602339,Resistance_to_antibiotics_in_2021_European_Region-Bloodstream.csv
European Region,2021,BIH,Bosnia and Herzegovina,Bloodstream,Acinetobacter spp.,Imipenem,689,678,98.403483309,Resistance_to_antibiotics_in_2021_European_Region-Bloodstream.csv
European Region,2021,BIH,Bosnia and Herzegovina,Bloodstream,Acinetobacter spp.,Meropenem,688,678,98.546511628,Resistance_to_antibiotics_in_2021_European_Region-Bloodstream.csv
European Region,2021,HRV,Croatia,Bloodstream,Acinetobacter spp.,Amikacin,384,371,96.614583333,Resistance_to_antibiotics_in_2021_European_Region-Bloodstream.csv
European Region,2021,HRV,Croatia,Bloodstream,Acinetobacter spp.,Colistin,43,2,4.651162791,Resistance_to_antibiotics_in_2021_European_Region-Bloodstream.csv
European Region,2021,HRV,Croatia,Bloodstream,Acinetobacter spp.,Gentamicin,405,400,98.765432099,Resistance_to_antibiotics_in_2021_European_Region-Bloodstream.csv
European Region,2021,HRV,Croatia,Bloodstream,Acinetobacter spp.,Imipenem,407,404,99.262899263,Resistance_to_antibiotics_in_2021_European_Region-Bloodstream.csv
European Region,2021,HRV,Croatia,Bloodstream,Acinetobacter spp.,Meropenem,406,403,99.261083744,Resistance_to_antibiotics_in_2021_European_Region-Bloodstream.csv
European Region,2021,CYP,Cyprus,Bloodstream,Acinetobacter spp.,Amikacin,38,31,81.578947368,Resistance_to_antibiotics_in_2021_European_Region-Bloodstream.csv
European Region,2021,CYP,Cyprus,Bloodstream,Acinetobacter spp.,Colistin,202,31,15.346534653,Resistance_to_antibiotics_in_2021_European_Region-Bloodstream.csv
European Region,2021,CYP,Cyprus,Bloodstream,Acinetobacter spp.,Gentamicin,214,189,88.317757009,Resistance_to_antibiotics_in_2021_European_Region-Bloodstream.csv
European Region,2021,CYP,Cyprus,Bloodstream,Acinetobacter spp.,Imipenem,213,196,92.018779343,Resistance_to_antibiotics_in_2021_European_Region-Bloodstream.csv
European Region,2021,CYP,Cyprus,Bloodstream,Acinetobacter spp.,Meropenem,216,196,90.740740741,Resistance_to_antibiotics_in_2021_European_Region-Bloodstream.csv
European Region,2021,CZE,Czechia,Bloodstream,Acinetobacter spp.,Amikacin,122,55,45.081967213,Resistance_to_antibiotics_in_2021_European_Region-Bloodstream.csv
European Region,2021,CZE,Czechia,Bloodstream,Acinetobacter spp.,Colistin,122,4,3.278688525,Resistance_to_antibiotics_in_2021_European_Region-Bloodstream.csv
European Region,2021,CZE,Czechia,Bloodstream,Acinetobacter spp.,Gentamicin,122,62,50.819672131,Resistance_to_antibiotics_in_2021_European_Region-Bloodstream.csv
European Region,2021,CZE,Czechia,Bloodstream,Acinetobacter spp.,Imipenem,122,65,53.278688525,Resistance_to_antibiotics_in_2021_European_Region-Bloodstream.csv
European Region,2021,CZE,Czechia,Bloodstream,Acinetobacter spp.,Meropenem,122,64,52.459016393,Resistance_to_antibiotics_in_2021_European_Region-Bloodstream.csv
European Region,2021,DNK,Denmark,Bloodstream,Acinetobacter spp.,Gentamicin,142,8,5.633802817,Resistance_to_antibiotics_in_2021_European_Region-Bloodstream.csv
European Region,2021,DNK,Denmark,Bloodstream,Acinetobacter spp.,Meropenem,144,6,4.166666667,Resistance_to_antibiotics_in_2021_European_Region-Bloodstream.csv
European Region,2021,FIN,Finland,Bloodstream,Acinetobacter spp.,Meropenem,52,1,1.923076923,Resistance_to_antibiotics_in_2021_European_Region-Bloodstream.csv
European Region,2021,FRA,France,Bloodstream,Acinetobacter spp.,Amikacin,596,22,3.691275168,Resistance_to_antibiotics_in_2021_European_Region-Bloodstream.csv
European Region,2021,FRA,France,Bloodstream,Acinetobacter spp.,Colistin,24,2,8.333333333,Resistance_to_antibiotics_in_2021_European_Region-Bloodstream.csv
European Region,2021,FRA,France,Bloodstream,Acinetobacter spp.,Gentamicin,633,32,5.055292259,Resistance_to_antibiotics_in_2021_European_Region-Bloodstream.csv
European Region,2021,FRA,France,Bloodstream,Acinetobacter spp.,Imipenem,710,20,2.816901408,Resistance_to_antibiotics_in_2021_European_Region-Bloodstream.csv
European Region,2021,FRA,France,Bloodstream,Acinetobacter spp.,Meropenem,536,19,3.544776119,Resistance_to_antibiotics_in_2021_European_Region-Bloodstream.csv
European Region,2021,GEO,Georgia,Bloodstream,Acinetobacter spp.,Amikacin,170,131,77.058823529,Resistance_to_antibiotics_in_2021_European_Region-Bloodstream.csv
European Region,2021,GEO,Georgia,Bloodstream,Acinetobacter spp.,Colistin,157,2,1.27388535,Resistance_to_antibiotics_in_2021_European_Region-Bloodstream.csv
European Region,2021,GEO,Georgia,Bloodstream,Acinetobacter spp.,Gentamicin,211,130,61.611374408,Resistance_to_antibiotics_in_2021_European_Region-Bloodstream.csv
European Region,2021,GEO,Georgia,Bloodstream,Acinetobacter spp.,Imipenem,194,173,89.175257732,Resistance_to_antibiotics_in_2021_European_Region-Bloodstream.csv
European Region,2021,GEO,Georgia,Bloodstream,Acinetobacter spp.,Meropenem,210,186,88.571428571,Resistance_to_antibiotics_in_2021_European_Region-Bloodstream.csv
European Region,2021,DEU,Germany,Bloodstream,Acinetobacter spp.,Amikacin,183,11,6.010928962,Resistance_to_antibiotics_in_2021_European_Region-Bloodstream.csv
European Region,2021,DEU,Germany,Bloodstream,Acinetobacter spp.,Gentamicin,532,20,3.759398496,Resistance_to_antibiotics_in_2021_European_Region-Bloodstream.csv
European Region,2021,DEU,Germany,Bloodstream,Acinetobacter spp.,Imipenem,561,23,4.099821747,Resistance_to_antibiotics_in_2021_European_Region-Bloodstream.csv
European Region,2021,DEU,Germany,Bloodstream,Acinetobacter spp.,Meropenem,598,24,4.013377926,Resistance_to_antibiotics_in_2021_European_Region-Bloodstream.csv
European Region,2021,GRC,Greece,Bloodstream,Acinetobacter spp.,Amikacin,1267,1194,94.238358327,Resistance_to_antibiotics_in_2021_European_Region-Bloodstream.csv
European Region,2021,GRC,Greece,Bloodstream,Acinetobacter spp.,Gentamicin,1267,1155,91.160220994,Resistance_to_antibiotics_in_2021_European_Region-Bloodstream.csv
European Region,2021,GRC,Greece,Bloodstream,Acinetobacter spp.,Imipenem,1154,1120,97.05372617,Resistance_to_antibiotics_in_2021_European_Region-Bloodstream.csv
European Region,2021,GRC,Greece,Bloodstream,Acinetobacter spp.,Meropenem,1293,1253,96.90641918,Resistance_to_antibiotics_in_2021_European_Region-Bloodstream.csv
European Region,2021,IRL,Ireland,Bloodstream,Acinetobacter spp.,Amikacin,32,0,0,Resistance_to_antibiotics_in_2021_European_Region-Bloodstream.csv
European Region,2021,IRL,Ireland,Bloodstream,Acinetobacter spp.,Gentamicin,63,2,3.174603175,Resistance_to_antibiotics_in_2021_European_Region-Bloodstream.csv
European Region,2021,IRL,Ireland,Bloodstream,Acinetobacter spp.,Imipenem,13,0,0,Resistance_to_antibiotics_in_2021_European_Region-Bloodstream.csv
European Region,2021,IRL,Ireland,Bloodstream,Acinetobacter spp.,Meropenem,66,1,1.515151515,Resistance_to_antibiotics_in_2021_European_Region-Bloodstream.csv
European Region,2021,ITA,Italy,Bloodstream,Acinetobacter spp.,Amikacin,2684,2240,83.45752608,Resistance_to_antibiotics_in_2021_European_Region-Bloodstream.csv
European Region,2021,ITA,Italy,Bloodstream,Acinetobacter spp.,Colistin,2033,117,5.75504181,Resistance_to_antibiotics_in_2021_European_Region-Bloodstream.csv
European Region,2021,ITA,Italy,Bloodstream,Acinetobacter spp.,Gentamicin,2697,2295,85.094549499,Resistance_to_antibiotics_in_2021_European_Region-Bloodstream.csv
European Region,2021,ITA,Italy,Bloodstream,Acinetobacter spp.,Imipenem,1818,1595,87.733773377,Resistance_to_antibiotics_in_2021_European_Region-Bloodstream.csv
European Region,2021,ITA,Italy,Bloodstream,Acinetobacter spp.,Meropenem,2623,2287,87.190240183,Resistance_to_antibiotics_in_2021_European_Region-Bloodstream.csv
European Region,2021,XKX,Kosovo,Bloodstream,Acinetobacter spp.,Amikacin,93,79,84.946236559,Resistance_to_antibiotics_in_2021_European_Region-Bloodstream.csv
European Region,2021,XKX,Kosovo,Bloodstream,Acinetobacter spp.,Colistin,93,0,0,Resistance_to_antibiotics_in_2021_European_Region-Bloodstream.csv
European Region,2021,XKX,Kosovo,Bloodstream,Acinetobacter spp.,Gentamicin,93,88,94.623655914,Resistance_to_antibiotics_in_2021_European_Region-Bloodstream.csv
European Region,2021,XKX,Kosovo,Bloodstream,Acinetobacter spp.,Imipenem,93,79,84.946236559,Resistance_to_antibiotics_in_2021_European_Region-Bloodstream.csv
European Region,2021,XKX,Kosovo,Bloodstream,Acinetobacter spp.,Meropenem,93,79,84.946236559,Resistance_to_antibiotics_in_2021_European_Region-Bloodstream.csv
European Region,2021,LVA,Latvia,Bloodstream,Acinetobacter spp.,Amikacin,81,53,65.432098765,Resistance_to_antibiotics_in_2021_European_Region-Bloodstream.csv
European Region,2021,LVA,Latvia,Bloodstream,Acinetobacter spp.,Colistin,83,1,1.204819277,Resistance_to_antibiotics_in_2021_European_Region-Bloodstream.csv
European Region,2021,LVA,Latvia,Bloodstream,Acinetobacter spp.,Gentamicin,82,56,68.292682927,Resistance_to_antibiotics_in_2021_European_Region-Bloodstream.csv
European Region,2021,LVA,Latvia,Bloodstream,Acinetobacter spp.,Imipenem,111,88,79.279279279,Resistance_to_antibiotics_in_2021_European_Region-Bloodstream.csv
European Region,2021,LVA,Latvia,Bloodstream,Acinetobacter spp.,Meropenem,47,41,87.234042553,Resistance_to_antibiotics_in_2021_European_Region-Bloodstream.csv
European Region,2021,LTU,Lithuania,Bloodstream,Acinetobacter spp.,Amikacin,359,342,95.264623955,Resistance_to_antibiotics_in_2021_European_Region-Bloodstream.csv
European Region,2021,LTU,Lithuania,Bloodstream,Acinetobacter spp.,Colistin,280,79,28.214285714,Resistance_to_antibiotics_in_2021_European_Region-Bloodstream.csv
European Region,2021,LTU,Lithuania,Bloodstream,Acinetobacter spp.,Gentamicin,351,328,93.447293447,Resistance_to_antibiotics_in_2021_European_Region-Bloodstream.csv
European Region,2021,LTU,Lithuania,Bloodstream,Acinetobacter spp.,Imipenem,294,287,97.619047619,Resistance_to_antibiotics_in_2021_European_Region-Bloodstream.csv
European Region,2021,LTU,Lithuania,Bloodstream,Acinetobacter spp.,Meropenem,359,345,96.100278552,Resistance_to_antibiotics_in_2021_European_Region-Bloodstream.csv
European Region,2021,MLT,Malta,Bloodstream,Acinetobacter spp.,Amikacin,16,1,6.25,Resistance_to_antibiotics_in_2021_European_Region-Bloodstream.csv
European Region,2021,MLT,Malta,Bloodstream,Acinetobacter spp.,Colistin,13,1,7.692307692,Resistance_to_antibiotics_in_2021_European_Region-Bloodstream.csv
European Region,2021,MLT,Malta,Bloodstream,Acinetobacter spp.,Gentamicin,15,0,0,Resistance_to_antibiotics_in_2021_European_Region-Bloodstream.csv
European Region,2021,MLT,Malta,Bloodstream,Acinetobacter spp.,Imipenem,15,0,0,Resistance_to_antibiotics_in_2021_European_Region-Bloodstream.csv
European Region,2021,MLT,Malta,Bloodstream,Acinetobacter spp.,Meropenem,16,0,0,Resistance_to_antibiotics_in_2021_European_Region-Bloodstream.csv
European Region,2021,NLD,Netherlands (Kingdom of the),Bloodstream,Acinetobacter spp.,Amikacin,40,0,0,Resistance_to_antibiotics_in_2021_European_Region-Bloodstream.csv
European Region,2021,NLD,Netherlands (Kingdom of the),Bloodstream,Acinetobacter spp.,Gentamicin,184,8,4.347826087,Resistance_to_antibiotics_in_2021_European_Region-Bloodstream.csv
European Region,2021,NLD,Netherlands (Kingdom of the),Bloodstream,Acinetobacter spp.,Imipenem,136,1,0.735294118,Resistance_to_antibiotics_in_2021_European_Region-Bloodstream.csv
European Region,2021,NLD,Netherlands (Kingdom of the),Bloodstream,Acinetobacter spp.,Meropenem,184,1,0.543478261,Resistance_to_antibiotics_in_2021_European_Region-Bloodstream.csv
European Region,2021,MKD,North Macedonia,Bloodstream,Acinetobacter spp.,Amikacin,44,41,93.181818182,Resistance_to_antibiotics_in_2021_European_Region-Bloodstream.csv
European Region,2021,MKD,North Macedonia,Bloodstream,Acinetobacter spp.,Colistin,33,0,0,Resistance_to_antibiotics_in_2021_European_Region-Bloodstream.csv
European Region,2021,MKD,North Macedonia,Bloodstream,Acinetobacter spp.,Gentamicin,44,41,93.181818182,Resistance_to_antibiotics_in_2021_European_Region-Bloodstream.csv
European Region,2021,MKD,North Macedonia,Bloodstream,Acinetobacter spp.,Imipenem,42,41,97.619047619,Resistance_to_antibiotics_in_2021_European_Region-Bloodstream.csv
European Region,2021,MKD,North Macedonia,Bloodstream,Acinetobacter spp.,Meropenem,42,41,97.619047619,Resistance_to_antibiotics_in_2021_European_Region-Bloodstream.csv
European Region,2021,NOR,Norway,Bloodstream,Acinetobacter spp.,Gentamicin,38,1,2.631578947,Resistance_to_antibiotics_in_2021_European_Region-Bloodstream.csv
European Region,2021,NOR,Norway,Bloodstream,Acinetobacter spp.,Meropenem,42,0,0,Resistance_to_antibiotics_in_2021_European_Region-Bloodstream.csv
European Region,2021,POL,Poland,Bloodstream,Acinetobacter spp.,Amikacin,797,519,65.119196989,Resistance_to_antibiotics_in_2021_European_Region-Bloodstream.csv
European Region,2021,POL,Poland,Bloodstream,Acinetobacter spp.,Colistin,694,16,2.305475504,Resistance_to_antibiotics_in_2021_European_Region-Bloodstream.csv
European Region,2021,POL,Poland,Bloodstream,Acinetobacter spp.,Gentamicin,808,435,53.836633663,Resistance_to_antibiotics_in_2021_European_Region-Bloodstream.csv
European Region,2021,POL,Poland,Bloodstream,Acinetobacter spp.,Imipenem,791,663,83.81795196,Resistance_to_antibiotics_in_2021_European_Region-Bloodstream.csv
European Region,2021,POL,Poland,Bloodstream,Acinetobacter spp.,Meropenem,814,644,79.115479115,Resistance_to_antibiotics_in_2021_European_Region-Bloodstream.csv
European Region,2021,MDA,Republic of Moldova,Bloodstream,Acinetobacter spp.,Amikacin,61,55,90.163934426,Resistance_to_antibiotics_in_2021_European_Region-Bloodstream.csv
European Region,2021,MDA,Republic of Moldova,Bloodstream,Acinetobacter spp.,Gentamicin,62,60,96.774193548,Resistance_to_antibiotics_in_2021_European_Region-Bloodstream.csv
European Region,2021,MDA,Republic of Moldova,Bloodstream,Acinetobacter spp.,Imipenem,62,56,90.322580645,Resistance_to_antibiotics_in_2021_European_Region-Bloodstream.csv
European Region,2021,MDA,Republic of Moldova,Bloodstream,Acinetobacter spp.,Meropenem,62,59,95.161290323,Resistance_to_antibiotics_in_2021_European_Region-Bloodstream.csv
European Region,2021,RUS,Russian Federation,Bloodstream,Acinetobacter spp.,Amikacin,497,411,82.696177062,Resistance_to_antibiotics_in_2021_European_Region-Bloodstream.csv
European Region,2021,RUS,Russian Federation,Bloodstream,Acinetobacter spp.,Colistin,20,1,5,Resistance_to_antibiotics_in_2021_European_Region-Bloodstream.csv
European Region,2021,RUS,Russian Federation,Bloodstream,Acinetobacter spp.,Gentamicin,250,199,79.6,Resistance_to_antibiotics_in_2021_European_Region-Bloodstream.csv
European Region,2021,RUS,Russian Federation,Bloodstream,Acinetobacter spp.,Imipenem,518,452,87.258687259,Resistance_to_antibiotics_in_2021_European_Region-Bloodstream.csv
European Region,2021,RUS,Russian Federation,Bloodstream,Acinetobacter spp.,Meropenem,525,407,77.523809524,Resistance_to_antibiotics_in_2021_European_Region-Bloodstream.csv
European Region,2021,SWE,Sweden,Bloodstream,Acinetobacter spp.,Amikacin,65,1,1.538461538,Resistance_to_antibiotics_in_2021_European_Region-Bloodstream.csv
European Region,2021,SWE,Sweden,Bloodstream,Acinetobacter spp.,Gentamicin,111,6,5.405405405,Resistance_to_antibiotics_in_2021_European_Region-Bloodstream.csv
European Region,2021,SWE,Sweden,Bloodstream,Acinetobacter spp.,Imipenem,107,1,0.934579439,Resistance_to_antibiotics_in_2021_European_Region-Bloodstream.csv
European Region,2021,SWE,Sweden,Bloodstream,Acinetobacter spp.,Meropenem,133,1,0.751879699,Resistance_to_antibiotics_in_2021_European_Region-Bloodstream.csv
European Region,2021,CHE,Switzerland,Bloodstream,Acinetobacter spp.,Amikacin,75,9,12,Resistance_to_antibiotics_in_2021_European_Region-Bloodstream.csv
European Region,2021,CHE,Switzerland,Bloodstream,Acinetobacter spp.,Gentamicin,76,10,13.157894737,Resistance_to_antibiotics_in_2021_European_Region-Bloodstream.csv
European Region,2021,CHE,Switzerland,Bloodstream,Acinetobacter spp.,Imipenem,97,10,10.309278351,Resistance_to_antibiotics_in_2021_European_Region-Bloodstream.csv
European Region,2021,CHE,Switzerland,Bloodstream,Acinetobacter spp.,Meropenem,82,9,10.975609756,Resistance_to_antibiotics_in_2021_European_Region-Bloodstream.csv
European Region,2021,TUR,T<U+00FC>rkiye,Bloodstream,Acinetobacter spp.,Amikacin,3303,2575,77.95943082,Resistance_to_antibiotics_in_2021_European_Region-Bloodstream.csv
European Region,2021,TUR,T<U+00FC>rkiye,Bloodstream,Acinetobacter spp.,Gentamicin,3362,2829,84.146341463,Resistance_to_antibiotics_in_2021_European_Region-Bloodstream.csv
European Region,2021,TUR,T<U+00FC>rkiye,Bloodstream,Acinetobacter spp.,Imipenem,3099,2907,93.804453049,Resistance_to_antibiotics_in_2021_European_Region-Bloodstream.csv
European Region,2021,TUR,T<U+00FC>rkiye,Bloodstream,Acinetobacter spp.,Meropenem,3149,2915,92.569069546,Resistance_to_antibiotics_in_2021_European_Region-Bloodstream.csv
European Region,2021,UKR,Ukraine,Bloodstream,Acinetobacter spp.,Amikacin,136,90,66.176470588,Resistance_to_antibiotics_in_2021_European_Region-Bloodstream.csv
European Region,2021,UKR,Ukraine,Bloodstream,Acinetobacter spp.,Colistin,53,0,0,Resistance_to_antibiotics_in_2021_European_Region-Bloodstream.csv
European Region,2021,UKR,Ukraine,Bloodstream,Acinetobacter spp.,Gentamicin,127,68,53.543307087,Resistance_to_antibiotics_in_2021_European_Region-Bloodstream.csv
European Region,2021,UKR,Ukraine,Bloodstream,Acinetobacter spp.,Imipenem,114,96,84.210526316,Resistance_to_antibiotics_in_2021_European_Region-Bloodstream.csv
European Region,2021,UKR,Ukraine,Bloodstream,Acinetobacter spp.,Meropenem,138,97,70.289855072,Resistance_to_antibiotics_in_2021_European_Region-Bloodstream.csv
European Region,2021,GBR,United Kingdom of Great Britain and Northern Ireland,Bloodstream,Acinetobacter spp.,Amikacin,482,16,3.319502075,Resistance_to_antibiotics_in_2021_European_Region-Bloodstream.csv
European Region,2021,GBR,United Kingdom of Great Britain and Northern Ireland,Bloodstream,Acinetobacter spp.,Gentamicin,833,24,2.881152461,Resistance_to_antibiotics_in_2021_European_Region-Bloodstream.csv
European Region,2021,GBR,United Kingdom of Great Britain and Northern Ireland,Bloodstream,Acinetobacter spp.,Imipenem,205,4,1.951219512,Resistance_to_antibiotics_in_2021_European_Region-Bloodstream.csv
European Region,2021,GBR,United Kingdom of Great Britain and Northern Ireland,Bloodstream,Acinetobacter spp.,Meropenem,857,18,2.100350058,Resistance_to_antibiotics_in_2021_European_Region-Bloodstream.csv
European Region,2022,AUT,Austria,Bloodstream,Acinetobacter spp.,Amikacin,87,0,0,Resistance_to_antibiotics_in_2022_European_Region-Bloodstream.csv
European Region,2022,AUT,Austria,Bloodstream,Acinetobacter spp.,Gentamicin,54,0,0,Resistance_to_antibiotics_in_2022_European_Region-Bloodstream.csv
European Region,2022,AUT,Austria,Bloodstream,Acinetobacter spp.,Imipenem,68,2,2.941176471,Resistance_to_antibiotics_in_2022_European_Region-Bloodstream.csv
European Region,2022,AUT,Austria,Bloodstream,Acinetobacter spp.,Meropenem,95,3,3.157894737,Resistance_to_antibiotics_in_2022_European_Region-Bloodstream.csv
European Region,2022,BEL,Belgium,Bloodstream,Acinetobacter spp.,Amikacin,149,1,0.67114094,Resistance_to_antibiotics_in_2022_European_Region-Bloodstream.csv
European Region,2022,BEL,Belgium,Bloodstream,Acinetobacter spp.,Colistin,11,1,9.090909091,Resistance_to_antibiotics_in_2022_European_Region-Bloodstream.csv
European Region,2022,BEL,Belgium,Bloodstream,Acinetobacter spp.,Gentamicin,143,2,1.398601399,Resistance_to_antibiotics_in_2022_European_Region-Bloodstream.csv
European Region,2022,BEL,Belgium,Bloodstream,Acinetobacter spp.,Imipenem,51,1,1.960784314,Resistance_to_antibiotics_in_2022_European_Region-Bloodstream.csv
European Region,2022,BEL,Belgium,Bloodstream,Acinetobacter spp.,Meropenem,168,4,2.380952381,Resistance_to_antibiotics_in_2022_European_Region-Bloodstream.csv
European Region,2022,BIH,Bosnia and Herzegovina,Bloodstream,Acinetobacter spp.,Amikacin,341,328,96.187683284,Resistance_to_antibiotics_in_2022_European_Region-Bloodstream.csv
European Region,2022,BIH,Bosnia and Herzegovina,Bloodstream,Acinetobacter spp.,Colistin,79,0,0,Resistance_to_antibiotics_in_2022_European_Region-Bloodstream.csv
European Region,2022,BIH,Bosnia and Herzegovina,Bloodstream,Acinetobacter spp.,Gentamicin,360,355,98.611111111,Resistance_to_antibiotics_in_2022_European_Region-Bloodstream.csv
European Region,2022,BIH,Bosnia and Herzegovina,Bloodstream,Acinetobacter spp.,Imipenem,360,356,98.888888889,Resistance_to_antibiotics_in_2022_European_Region-Bloodstream.csv
European Region,2022,BIH,Bosnia and Herzegovina,Bloodstream,Acinetobacter spp.,Meropenem,360,355,98.611111111,Resistance_to_antibiotics_in_2022_European_Region-Bloodstream.csv
European Region,2022,HRV,Croatia,Bloodstream,Acinetobacter spp.,Amikacin,290,274,94.482758621,Resistance_to_antibiotics_in_2022_European_Region-Bloodstream.csv
European Region,2022,HRV,Croatia,Bloodstream,Acinetobacter spp.,Gentamicin,288,277,96.180555556,Resistance_to_antibiotics_in_2022_European_Region-Bloodstream.csv
European Region,2022,HRV,Croatia,Bloodstream,Acinetobacter spp.,Imipenem,291,287,98.625429553,Resistance_to_antibiotics_in_2022_European_Region-Bloodstream.csv
European Region,2022,HRV,Croatia,Bloodstream,Acinetobacter spp.,Meropenem,291,287,98.625429553,Resistance_to_antibiotics_in_2022_European_Region-Bloodstream.csv
European Region,2022,CYP,Cyprus,Bloodstream,Acinetobacter spp.,Amikacin,118,100,84.745762712,Resistance_to_antibiotics_in_2022_European_Region-Bloodstream.csv
European Region,2022,CYP,Cyprus,Bloodstream,Acinetobacter spp.,Colistin,186,49,26.344086022,Resistance_to_antibiotics_in_2022_European_Region-Bloodstream.csv
European Region,2022,CYP,Cyprus,Bloodstream,Acinetobacter spp.,Gentamicin,202,158,78.217821782,Resistance_to_antibiotics_in_2022_European_Region-Bloodstream.csv
European Region,2022,CYP,Cyprus,Bloodstream,Acinetobacter spp.,Imipenem,202,189,93.564356436,Resistance_to_antibiotics_in_2022_European_Region-Bloodstream.csv
European Region,2022,CYP,Cyprus,Bloodstream,Acinetobacter spp.,Meropenem,201,190,94.527363184,Resistance_to_antibiotics_in_2022_European_Region-Bloodstream.csv
European Region,2022,CZE,Czechia,Bloodstream,Acinetobacter spp.,Amikacin,85,31,36.470588235,Resistance_to_antibiotics_in_2022_European_Region-Bloodstream.csv
European Region,2022,CZE,Czechia,Bloodstream,Acinetobacter spp.,Colistin,85,6,7.058823529,Resistance_to_antibiotics_in_2022_European_Region-Bloodstream.csv
European Region,2022,CZE,Czechia,Bloodstream,Acinetobacter spp.,Gentamicin,85,32,37.647058824,Resistance_to_antibiotics_in_2022_European_Region-Bloodstream.csv
European Region,2022,CZE,Czechia,Bloodstream,Acinetobacter spp.,Imipenem,85,33,38.823529412,Resistance_to_antibiotics_in_2022_European_Region-Bloodstream.csv
European Region,2022,CZE,Czechia,Bloodstream,Acinetobacter spp.,Meropenem,85,33,38.823529412,Resistance_to_antibiotics_in_2022_European_Region-Bloodstream.csv
European Region,2022,DNK,Denmark,Bloodstream,Acinetobacter spp.,Gentamicin,96,5,5.208333333,Resistance_to_antibiotics_in_2022_European_Region-Bloodstream.csv
European Region,2022,DNK,Denmark,Bloodstream,Acinetobacter spp.,Meropenem,96,5,5.208333333,Resistance_to_antibiotics_in_2022_European_Region-Bloodstream.csv
European Region,2022,FIN,Finland,Bloodstream,Acinetobacter spp.,Meropenem,34,1,2.941176471,Resistance_to_antibiotics_in_2022_European_Region-Bloodstream.csv
European Region,2022,FRA,France,Bloodstream,Acinetobacter spp.,Amikacin,671,30,4.470938897,Resistance_to_antibiotics_in_2022_European_Region-Bloodstream.csv
European Region,2022,FRA,France,Bloodstream,Acinetobacter spp.,Colistin,34,2,5.882352941,Resistance_to_antibiotics_in_2022_European_Region-Bloodstream.csv
European Region,2022,FRA,France,Bloodstream,Acinetobacter spp.,Gentamicin,651,32,4.915514593,Resistance_to_antibiotics_in_2022_European_Region-Bloodstream.csv
European Region,2022,FRA,France,Bloodstream,Acinetobacter spp.,Imipenem,850,28,3.294117647,Resistance_to_antibiotics_in_2022_European_Region-Bloodstream.csv
European Region,2022,FRA,France,Bloodstream,Acinetobacter spp.,Meropenem,668,24,3.592814371,Resistance_to_antibiotics_in_2022_European_Region-Bloodstream.csv
European Region,2022,GEO,Georgia,Bloodstream,Acinetobacter spp.,Amikacin,208,163,78.365384615,Resistance_to_antibiotics_in_2022_European_Region-Bloodstream.csv
European Region,2022,GEO,Georgia,Bloodstream,Acinetobacter spp.,Colistin,193,5,2.590673575,Resistance_to_antibiotics_in_2022_European_Region-Bloodstream.csv
European Region,2022,GEO,Georgia,Bloodstream,Acinetobacter spp.,Gentamicin,207,146,70.531400966,Resistance_to_antibiotics_in_2022_European_Region-Bloodstream.csv
European Region,2022,GEO,Georgia,Bloodstream,Acinetobacter spp.,Imipenem,89,76,85.393258427,Resistance_to_antibiotics_in_2022_European_Region-Bloodstream.csv
European Region,2022,GEO,Georgia,Bloodstream,Acinetobacter spp.,Meropenem,209,185,88.516746411,Resistance_to_antibiotics_in_2022_European_Region-Bloodstream.csv
European Region,2022,DEU,Germany,Bloodstream,Acinetobacter spp.,Amikacin,235,11,4.680851064,Resistance_to_antibiotics_in_2022_European_Region-Bloodstream.csv
European Region,2022,DEU,Germany,Bloodstream,Acinetobacter spp.,Gentamicin,614,22,3.583061889,Resistance_to_antibiotics_in_2022_European_Region-Bloodstream.csv
European Region,2022,DEU,Germany,Bloodstream,Acinetobacter spp.,Imipenem,673,23,3.417533432,Resistance_to_antibiotics_in_2022_European_Region-Bloodstream.csv
European Region,2022,DEU,Germany,Bloodstream,Acinetobacter spp.,Meropenem,701,24,3.423680456,Resistance_to_antibiotics_in_2022_European_Region-Bloodstream.csv
European Region,2022,GRC,Greece,Bloodstream,Acinetobacter spp.,Amikacin,1524,1438,94.356955381,Resistance_to_antibiotics_in_2022_European_Region-Bloodstream.csv
European Region,2022,GRC,Greece,Bloodstream,Acinetobacter spp.,Colistin,1358,560,41.237113402,Resistance_to_antibiotics_in_2022_European_Region-Bloodstream.csv
European Region,2022,GRC,Greece,Bloodstream,Acinetobacter spp.,Gentamicin,1524,1356,88.976377953,Resistance_to_antibiotics_in_2022_European_Region-Bloodstream.csv
European Region,2022,GRC,Greece,Bloodstream,Acinetobacter spp.,Imipenem,1397,1347,96.420901933,Resistance_to_antibiotics_in_2022_European_Region-Bloodstream.csv
European Region,2022,GRC,Greece,Bloodstream,Acinetobacter spp.,Meropenem,1396,1328,95.128939828,Resistance_to_antibiotics_in_2022_European_Region-Bloodstream.csv
European Region,2022,IRL,Ireland,Bloodstream,Acinetobacter spp.,Amikacin,33,0,0,Resistance_to_antibiotics_in_2022_European_Region-Bloodstream.csv
European Region,2022,IRL,Ireland,Bloodstream,Acinetobacter spp.,Gentamicin,62,1,1.612903226,Resistance_to_antibiotics_in_2022_European_Region-Bloodstream.csv
European Region,2022,IRL,Ireland,Bloodstream,Acinetobacter spp.,Imipenem,16,1,6.25,Resistance_to_antibiotics_in_2022_European_Region-Bloodstream.csv
European Region,2022,IRL,Ireland,Bloodstream,Acinetobacter spp.,Meropenem,78,2,2.564102564,Resistance_to_antibiotics_in_2022_European_Region-Bloodstream.csv
European Region,2022,ITA,Italy,Bloodstream,Acinetobacter spp.,Amikacin,2728,2256,82.697947214,Resistance_to_antibiotics_in_2022_European_Region-Bloodstream.csv
European Region,2022,ITA,Italy,Bloodstream,Acinetobacter spp.,Colistin,2116,65,3.071833648,Resistance_to_antibiotics_in_2022_European_Region-Bloodstream.csv
European Region,2022,ITA,Italy,Bloodstream,Acinetobacter spp.,Gentamicin,2819,2388,84.710890387,Resistance_to_antibiotics_in_2022_European_Region-Bloodstream.csv
European Region,2022,ITA,Italy,Bloodstream,Acinetobacter spp.,Imipenem,2038,1820,89.303238469,Resistance_to_antibiotics_in_2022_European_Region-Bloodstream.csv
European Region,2022,ITA,Italy,Bloodstream,Acinetobacter spp.,Meropenem,2666,2348,88.072018005,Resistance_to_antibiotics_in_2022_European_Region-Bloodstream.csv
European Region,2022,XKX,Kosovo,Bloodstream,Acinetobacter spp.,Amikacin,35,34,97.142857143,Resistance_to_antibiotics_in_2022_European_Region-Bloodstream.csv
European Region,2022,XKX,Kosovo,Bloodstream,Acinetobacter spp.,Colistin,35,1,2.857142857,Resistance_to_antibiotics_in_2022_European_Region-Bloodstream.csv
European Region,2022,XKX,Kosovo,Bloodstream,Acinetobacter spp.,Gentamicin,35,34,97.142857143,Resistance_to_antibiotics_in_2022_European_Region-Bloodstream.csv
European Region,2022,XKX,Kosovo,Bloodstream,Acinetobacter spp.,Imipenem,35,33,94.285714286,Resistance_to_antibiotics_in_2022_European_Region-Bloodstream.csv
European Region,2022,XKX,Kosovo,Bloodstream,Acinetobacter spp.,Meropenem,35,33,94.285714286,Resistance_to_antibiotics_in_2022_European_Region-Bloodstream.csv
European Region,2022,LVA,Latvia,Bloodstream,Acinetobacter spp.,Amikacin,44,29,65.909090909,Resistance_to_antibiotics_in_2022_European_Region-Bloodstream.csv
European Region,2022,LVA,Latvia,Bloodstream,Acinetobacter spp.,Colistin,14,0,0,Resistance_to_antibiotics_in_2022_European_Region-Bloodstream.csv
European Region,2022,LVA,Latvia,Bloodstream,Acinetobacter spp.,Gentamicin,46,23,50,Resistance_to_antibiotics_in_2022_European_Region-Bloodstream.csv
European Region,2022,LVA,Latvia,Bloodstream,Acinetobacter spp.,Imipenem,46,32,69.565217391,Resistance_to_antibiotics_in_2022_European_Region-Bloodstream.csv
European Region,2022,LTU,Lithuania,Bloodstream,Acinetobacter spp.,Amikacin,140,119,85,Resistance_to_antibiotics_in_2022_European_Region-Bloodstream.csv
European Region,2022,LTU,Lithuania,Bloodstream,Acinetobacter spp.,Colistin,106,25,23.58490566,Resistance_to_antibiotics_in_2022_European_Region-Bloodstream.csv
European Region,2022,LTU,Lithuania,Bloodstream,Acinetobacter spp.,Gentamicin,133,112,84.210526316,Resistance_to_antibiotics_in_2022_European_Region-Bloodstream.csv
European Region,2022,LTU,Lithuania,Bloodstream,Acinetobacter spp.,Imipenem,117,109,93.162393162,Resistance_to_antibiotics_in_2022_European_Region-Bloodstream.csv
European Region,2022,LTU,Lithuania,Bloodstream,Acinetobacter spp.,Meropenem,139,123,88.489208633,Resistance_to_antibiotics_in_2022_European_Region-Bloodstream.csv
European Region,2022,LUX,Luxembourg,Bloodstream,Acinetobacter spp.,Amikacin,13,0,0,Resistance_to_antibiotics_in_2022_European_Region-Bloodstream.csv
European Region,2022,LUX,Luxembourg,Bloodstream,Acinetobacter spp.,Gentamicin,13,0,0,Resistance_to_antibiotics_in_2022_European_Region-Bloodstream.csv
European Region,2022,LUX,Luxembourg,Bloodstream,Acinetobacter spp.,Imipenem,13,1,7.692307692,Resistance_to_antibiotics_in_2022_European_Region-Bloodstream.csv
European Region,2022,LUX,Luxembourg,Bloodstream,Acinetobacter spp.,Meropenem,13,0,0,Resistance_to_antibiotics_in_2022_European_Region-Bloodstream.csv
European Region,2022,MLT,Malta,Bloodstream,Acinetobacter spp.,Amikacin,14,0,0,Resistance_to_antibiotics_in_2022_European_Region-Bloodstream.csv
European Region,2022,MLT,Malta,Bloodstream,Acinetobacter spp.,Colistin,14,0,0,Resistance_to_antibiotics_in_2022_European_Region-Bloodstream.csv
European Region,2022,MLT,Malta,Bloodstream,Acinetobacter spp.,Gentamicin,15,1,6.666666667,Resistance_to_antibiotics_in_2022_European_Region-Bloodstream.csv
European Region,2022,MLT,Malta,Bloodstream,Acinetobacter spp.,Imipenem,15,2,13.333333333,Resistance_to_antibiotics_in_2022_European_Region-Bloodstream.csv
European Region,2022,MLT,Malta,Bloodstream,Acinetobacter spp.,Meropenem,15,2,13.333333333,Resistance_to_antibiotics_in_2022_European_Region-Bloodstream.csv
European Region,2022,NLD,Netherlands (Kingdom of the),Bloodstream,Acinetobacter spp.,Amikacin,28,1,3.571428571,Resistance_to_antibiotics_in_2022_European_Region-Bloodstream.csv
European Region,2022,NLD,Netherlands (Kingdom of the),Bloodstream,Acinetobacter spp.,Gentamicin,186,2,1.075268817,Resistance_to_antibiotics_in_2022_European_Region-Bloodstream.csv
European Region,2022,NLD,Netherlands (Kingdom of the),Bloodstream,Acinetobacter spp.,Imipenem,138,1,0.724637681,Resistance_to_antibiotics_in_2022_European_Region-Bloodstream.csv
European Region,2022,NLD,Netherlands (Kingdom of the),Bloodstream,Acinetobacter spp.,Meropenem,194,2,1.030927835,Resistance_to_antibiotics_in_2022_European_Region-Bloodstream.csv
European Region,2022,MKD,North Macedonia,Bloodstream,Acinetobacter spp.,Amikacin,28,28,100,Resistance_to_antibiotics_in_2022_European_Region-Bloodstream.csv
European Region,2022,MKD,North Macedonia,Bloodstream,Acinetobacter spp.,Colistin,13,1,7.692307692,Resistance_to_antibiotics_in_2022_European_Region-Bloodstream.csv
European Region,2022,MKD,North Macedonia,Bloodstream,Acinetobacter spp.,Gentamicin,31,30,96.774193548,Resistance_to_antibiotics_in_2022_European_Region-Bloodstream.csv
European Region,2022,MKD,North Macedonia,Bloodstream,Acinetobacter spp.,Imipenem,31,31,100,Resistance_to_antibiotics_in_2022_European_Region-Bloodstream.csv
European Region,2022,MKD,North Macedonia,Bloodstream,Acinetobacter spp.,Meropenem,31,31,100,Resistance_to_antibiotics_in_2022_European_Region-Bloodstream.csv
European Region,2022,POL,Poland,Bloodstream,Acinetobacter spp.,Amikacin,460,270,58.695652174,Resistance_to_antibiotics_in_2022_European_Region-Bloodstream.csv
European Region,2022,POL,Poland,Bloodstream,Acinetobacter spp.,Colistin,325,7,2.153846154,Resistance_to_antibiotics_in_2022_European_Region-Bloodstream.csv
European Region,2022,POL,Poland,Bloodstream,Acinetobacter spp.,Gentamicin,446,194,43.497757848,Resistance_to_antibiotics_in_2022_European_Region-Bloodstream.csv
European Region,2022,POL,Poland,Bloodstream,Acinetobacter spp.,Imipenem,437,332,75.972540046,Resistance_to_antibiotics_in_2022_European_Region-Bloodstream.csv
European Region,2022,POL,Poland,Bloodstream,Acinetobacter spp.,Meropenem,459,350,76.252723312,Resistance_to_antibiotics_in_2022_European_Region-Bloodstream.csv
European Region,2022,MDA,Republic of Moldova,Bloodstream,Acinetobacter spp.,Amikacin,41,38,92.682926829,Resistance_to_antibiotics_in_2022_European_Region-Bloodstream.csv
European Region,2022,MDA,Republic of Moldova,Bloodstream,Acinetobacter spp.,Gentamicin,41,38,92.682926829,Resistance_to_antibiotics_in_2022_European_Region-Bloodstream.csv
European Region,2022,MDA,Republic of Moldova,Bloodstream,Acinetobacter spp.,Imipenem,41,37,90.243902439,Resistance_to_antibiotics_in_2022_European_Region-Bloodstream.csv
European Region,2022,MDA,Republic of Moldova,Bloodstream,Acinetobacter spp.,Meropenem,41,38,92.682926829,Resistance_to_antibiotics_in_2022_European_Region-Bloodstream.csv
European Region,2022,RUS,Russian Federation,Bloodstream,Acinetobacter spp.,Amikacin,543,464,85.451197053,Resistance_to_antibiotics_in_2022_European_Region-Bloodstream.csv
European Region,2022,RUS,Russian Federation,Bloodstream,Acinetobacter spp.,Colistin,334,12,3.592814371,Resistance_to_antibiotics_in_2022_European_Region-Bloodstream.csv
European Region,2022,RUS,Russian Federation,Bloodstream,Acinetobacter spp.,Gentamicin,456,311,68.201754386,Resistance_to_antibiotics_in_2022_European_Region-Bloodstream.csv
European Region,2022,RUS,Russian Federation,Bloodstream,Acinetobacter spp.,Imipenem,499,435,87.174348697,Resistance_to_antibiotics_in_2022_European_Region-Bloodstream.csv
European Region,2022,RUS,Russian Federation,Bloodstream,Acinetobacter spp.,Meropenem,526,218,41.44486692,Resistance_to_antibiotics_in_2022_European_Region-Bloodstream.csv
European Region,2022,SWE,Sweden,Bloodstream,Acinetobacter spp.,Amikacin,78,3,3.846153846,Resistance_to_antibiotics_in_2022_European_Region-Bloodstream.csv
European Region,2022,SWE,Sweden,Bloodstream,Acinetobacter spp.,Gentamicin,94,2,2.127659574,Resistance_to_antibiotics_in_2022_European_Region-Bloodstream.csv
European Region,2022,SWE,Sweden,Bloodstream,Acinetobacter spp.,Imipenem,114,4,3.50877193,Resistance_to_antibiotics_in_2022_European_Region-Bloodstream.csv
European Region,2022,SWE,Sweden,Bloodstream,Acinetobacter spp.,Meropenem,149,2,1.342281879,Resistance_to_antibiotics_in_2022_European_Region-Bloodstream.csv
European Region,2022,CHE,Switzerland,Bloodstream,Acinetobacter spp.,Amikacin,88,8,9.090909091,Resistance_to_antibiotics_in_2022_European_Region-Bloodstream.csv
European Region,2022,CHE,Switzerland,Bloodstream,Acinetobacter spp.,Colistin,11,1,9.090909091,Resistance_to_antibiotics_in_2022_European_Region-Bloodstream.csv
European Region,2022,CHE,Switzerland,Bloodstream,Acinetobacter spp.,Gentamicin,83,9,10.843373494,Resistance_to_antibiotics_in_2022_European_Region-Bloodstream.csv
European Region,2022,CHE,Switzerland,Bloodstream,Acinetobacter spp.,Imipenem,100,9,9,Resistance_to_antibiotics_in_2022_European_Region-Bloodstream.csv
European Region,2022,CHE,Switzerland,Bloodstream,Acinetobacter spp.,Meropenem,87,6,6.896551724,Resistance_to_antibiotics_in_2022_European_Region-Bloodstream.csv
European Region,2022,TUR,T<U+00FC>rkiye,Bloodstream,Acinetobacter spp.,Amikacin,2651,2139,80.686533384,Resistance_to_antibiotics_in_2022_European_Region-Bloodstream.csv
European Region,2022,TUR,T<U+00FC>rkiye,Bloodstream,Acinetobacter spp.,Colistin,1148,93,8.101045296,Resistance_to_antibiotics_in_2022_European_Region-Bloodstream.csv
European Region,2022,TUR,T<U+00FC>rkiye,Bloodstream,Acinetobacter spp.,Gentamicin,2418,1996,82.547559967,Resistance_to_antibiotics_in_2022_European_Region-Bloodstream.csv
European Region,2022,TUR,T<U+00FC>rkiye,Bloodstream,Acinetobacter spp.,Imipenem,2375,2145,90.315789474,Resistance_to_antibiotics_in_2022_European_Region-Bloodstream.csv
European Region,2022,TUR,T<U+00FC>rkiye,Bloodstream,Acinetobacter spp.,Meropenem,2481,2242,90.366787586,Resistance_to_antibiotics_in_2022_European_Region-Bloodstream.csv
European Region,2022,UKR,Ukraine,Bloodstream,Acinetobacter spp.,Amikacin,187,144,77.005347594,Resistance_to_antibiotics_in_2022_European_Region-Bloodstream.csv
European Region,2022,UKR,Ukraine,Bloodstream,Acinetobacter spp.,Colistin,53,1,1.886792453,Resistance_to_antibiotics_in_2022_European_Region-Bloodstream.csv
European Region,2022,UKR,Ukraine,Bloodstream,Acinetobacter spp.,Gentamicin,185,125,67.567567568,Resistance_to_antibiotics_in_2022_European_Region-Bloodstream.csv
European Region,2022,UKR,Ukraine,Bloodstream,Acinetobacter spp.,Imipenem,173,155,89.595375723,Resistance_to_antibiotics_in_2022_European_Region-Bloodstream.csv
European Region,2022,UKR,Ukraine,Bloodstream,Acinetobacter spp.,Meropenem,204,156,76.470588235,Resistance_to_antibiotics_in_2022_European_Region-Bloodstream.csv
European Region,2022,GBR,United Kingdom of Great Britain and Northern Ireland,Bloodstream,Acinetobacter spp.,Amikacin,630,19,3.015873016,Resistance_to_antibiotics_in_2022_European_Region-Bloodstream.csv
European Region,2022,GBR,United Kingdom of Great Britain and Northern Ireland,Bloodstream,Acinetobacter spp.,Colistin,20,3,15,Resistance_to_antibiotics_in_2022_European_Region-Bloodstream.csv
European Region,2022,GBR,United Kingdom of Great Britain and Northern Ireland,Bloodstream,Acinetobacter spp.,Gentamicin,1005,20,1.990049751,Resistance_to_antibiotics_in_2022_European_Region-Bloodstream.csv
European Region,2022,GBR,United Kingdom of Great Britain and Northern Ireland,Bloodstream,Acinetobacter spp.,Imipenem,224,3,1.339285714,Resistance_to_antibiotics_in_2022_European_Region-Bloodstream.csv
European Region,2022,GBR,United Kingdom of Great Britain and Northern Ireland,Bloodstream,Acinetobacter spp.,Meropenem,1033,10,0.968054211,Resistance_to_antibiotics_in_2022_European_Region-Bloodstream.csv
European Region,2023,AUT,Austria,Bloodstream,Acinetobacter spp.,Amikacin,74,4,5.405405405,Resistance_to_antibiotics_in_2023_European_Region-Bloodstream.csv
European Region,2023,AUT,Austria,Bloodstream,Acinetobacter spp.,Gentamicin,45,4,8.888888889,Resistance_to_antibiotics_in_2023_European_Region-Bloodstream.csv
European Region,2023,AUT,Austria,Bloodstream,Acinetobacter spp.,Imipenem,34,6,17.647058824,Resistance_to_antibiotics_in_2023_European_Region-Bloodstream.csv
European Region,2023,AUT,Austria,Bloodstream,Acinetobacter spp.,Meropenem,61,1,1.639344262,Resistance_to_antibiotics_in_2023_European_Region-Bloodstream.csv
European Region,2023,BEL,Belgium,Bloodstream,Acinetobacter spp.,Amikacin,135,8,5.925925926,Resistance_to_antibiotics_in_2023_European_Region-Bloodstream.csv
European Region,2023,BEL,Belgium,Bloodstream,Acinetobacter spp.,Colistin,16,0,0,Resistance_to_antibiotics_in_2023_European_Region-Bloodstream.csv
European Region,2023,BEL,Belgium,Bloodstream,Acinetobacter spp.,Gentamicin,111,6,5.405405405,Resistance_to_antibiotics_in_2023_European_Region-Bloodstream.csv
European Region,2023,BEL,Belgium,Bloodstream,Acinetobacter spp.,Imipenem,30,3,10,Resistance_to_antibiotics_in_2023_European_Region-Bloodstream.csv
European Region,2023,BEL,Belgium,Bloodstream,Acinetobacter spp.,Meropenem,162,5,3.086419753,Resistance_to_antibiotics_in_2023_European_Region-Bloodstream.csv
European Region,2023,BIH,Bosnia and Herzegovina,Bloodstream,Acinetobacter spp.,Amikacin,215,203,94.418604651,Resistance_to_antibiotics_in_2023_European_Region-Bloodstream.csv
European Region,2023,BIH,Bosnia and Herzegovina,Bloodstream,Acinetobacter spp.,Colistin,67,1,1.492537313,Resistance_to_antibiotics_in_2023_European_Region-Bloodstream.csv
European Region,2023,BIH,Bosnia and Herzegovina,Bloodstream,Acinetobacter spp.,Gentamicin,217,207,95.391705069,Resistance_to_antibiotics_in_2023_European_Region-Bloodstream.csv
European Region,2023,BIH,Bosnia and Herzegovina,Bloodstream,Acinetobacter spp.,Imipenem,217,207,95.391705069,Resistance_to_antibiotics_in_2023_European_Region-Bloodstream.csv
European Region,2023,BIH,Bosnia and Herzegovina,Bloodstream,Acinetobacter spp.,Meropenem,216,206,95.37037037,Resistance_to_antibiotics_in_2023_European_Region-Bloodstream.csv
European Region,2023,HRV,Croatia,Bloodstream,Acinetobacter spp.,Amikacin,153,138,90.196078431,Resistance_to_antibiotics_in_2023_European_Region-Bloodstream.csv
European Region,2023,HRV,Croatia,Bloodstream,Acinetobacter spp.,Colistin,108,4,3.703703704,Resistance_to_antibiotics_in_2023_European_Region-Bloodstream.csv
European Region,2023,HRV,Croatia,Bloodstream,Acinetobacter spp.,Gentamicin,258,238,92.248062016,Resistance_to_antibiotics_in_2023_European_Region-Bloodstream.csv
European Region,2023,HRV,Croatia,Bloodstream,Acinetobacter spp.,Imipenem,97,91,93.81443299,Resistance_to_antibiotics_in_2023_European_Region-Bloodstream.csv
European Region,2023,HRV,Croatia,Bloodstream,Acinetobacter spp.,Meropenem,163,158,96.932515337,Resistance_to_antibiotics_in_2023_European_Region-Bloodstream.csv
European Region,2023,CYP,Cyprus,Bloodstream,Acinetobacter spp.,Amikacin,69,54,78.260869565,Resistance_to_antibiotics_in_2023_European_Region-Bloodstream.csv
European Region,2023,CYP,Cyprus,Bloodstream,Acinetobacter spp.,Colistin,31,12,38.709677419,Resistance_to_antibiotics_in_2023_European_Region-Bloodstream.csv
European Region,2023,CYP,Cyprus,Bloodstream,Acinetobacter spp.,Gentamicin,122,104,85.245901639,Resistance_to_antibiotics_in_2023_European_Region-Bloodstream.csv
European Region,2023,CYP,Cyprus,Bloodstream,Acinetobacter spp.,Imipenem,94,81,86.170212766,Resistance_to_antibiotics_in_2023_European_Region-Bloodstream.csv
European Region,2023,CYP,Cyprus,Bloodstream,Acinetobacter spp.,Meropenem,37,33,89.189189189,Resistance_to_antibiotics_in_2023_European_Region-Bloodstream.csv
European Region,2023,CZE,Czechia,Bloodstream,Acinetobacter spp.,Amikacin,34,15,44.117647059,Resistance_to_antibiotics_in_2023_European_Region-Bloodstream.csv
European Region,2023,CZE,Czechia,Bloodstream,Acinetobacter spp.,Colistin,55,1,1.818181818,Resistance_to_antibiotics_in_2023_European_Region-Bloodstream.csv
European Region,2023,CZE,Czechia,Bloodstream,Acinetobacter spp.,Gentamicin,32,9,28.125,Resistance_to_antibiotics_in_2023_European_Region-Bloodstream.csv
European Region,2023,CZE,Czechia,Bloodstream,Acinetobacter spp.,Imipenem,43,15,34.88372093,Resistance_to_antibiotics_in_2023_European_Region-Bloodstream.csv
European Region,2023,CZE,Czechia,Bloodstream,Acinetobacter spp.,Meropenem,46,17,36.956521739,Resistance_to_antibiotics_in_2023_European_Region-Bloodstream.csv
European Region,2023,DNK,Denmark,Bloodstream,Acinetobacter spp.,Gentamicin,87,2,2.298850575,Resistance_to_antibiotics_in_2023_European_Region-Bloodstream.csv
European Region,2023,DNK,Denmark,Bloodstream,Acinetobacter spp.,Meropenem,89,2,2.247191011,Resistance_to_antibiotics_in_2023_European_Region-Bloodstream.csv
European Region,2023,EST,Estonia,Bloodstream,Acinetobacter spp.,Amikacin,11,1,9.090909091,Resistance_to_antibiotics_in_2023_European_Region-Bloodstream.csv
European Region,2023,EST,Estonia,Bloodstream,Acinetobacter spp.,Gentamicin,10,3,30,Resistance_to_antibiotics_in_2023_European_Region-Bloodstream.csv
European Region,2023,EST,Estonia,Bloodstream,Acinetobacter spp.,Imipenem,13,3,23.076923077,Resistance_to_antibiotics_in_2023_European_Region-Bloodstream.csv
European Region,2023,FIN,Finland,Bloodstream,Acinetobacter spp.,Meropenem,31,0,0,Resistance_to_antibiotics_in_2023_European_Region-Bloodstream.csv
European Region,2023,GEO,Georgia,Bloodstream,Acinetobacter spp.,Amikacin,101,85,84.158415842,Resistance_to_antibiotics_in_2023_European_Region-Bloodstream.csv
European Region,2023,GEO,Georgia,Bloodstream,Acinetobacter spp.,Colistin,97,3,3.092783505,Resistance_to_antibiotics_in_2023_European_Region-Bloodstream.csv
European Region,2023,GEO,Georgia,Bloodstream,Acinetobacter spp.,Gentamicin,100,77,77,Resistance_to_antibiotics_in_2023_European_Region-Bloodstream.csv
European Region,2023,GEO,Georgia,Bloodstream,Acinetobacter spp.,Imipenem,75,65,86.666666667,Resistance_to_antibiotics_in_2023_European_Region-Bloodstream.csv
European Region,2023,GEO,Georgia,Bloodstream,Acinetobacter spp.,Meropenem,98,84,85.714285714,Resistance_to_antibiotics_in_2023_European_Region-Bloodstream.csv
European Region,2023,DEU,Germany,Bloodstream,Acinetobacter spp.,Amikacin,269,6,2.230483271,Resistance_to_antibiotics_in_2023_European_Region-Bloodstream.csv
European Region,2023,DEU,Germany,Bloodstream,Acinetobacter spp.,Gentamicin,529,16,3.024574669,Resistance_to_antibiotics_in_2023_European_Region-Bloodstream.csv
European Region,2023,DEU,Germany,Bloodstream,Acinetobacter spp.,Imipenem,335,10,2.985074627,Resistance_to_antibiotics_in_2023_European_Region-Bloodstream.csv
European Region,2023,DEU,Germany,Bloodstream,Acinetobacter spp.,Meropenem,475,16,3.368421053,Resistance_to_antibiotics_in_2023_European_Region-Bloodstream.csv
European Region,2023,GRC,Greece,Bloodstream,Acinetobacter spp.,Amikacin,1523,1423,93.434011819,Resistance_to_antibiotics_in_2023_European_Region-Bloodstream.csv
European Region,2023,GRC,Greece,Bloodstream,Acinetobacter spp.,Colistin,61,29,47.540983607,Resistance_to_antibiotics_in_2023_European_Region-Bloodstream.csv
European Region,2023,GRC,Greece,Bloodstream,Acinetobacter spp.,Gentamicin,1518,1336,88.010540184,Resistance_to_antibiotics_in_2023_European_Region-Bloodstream.csv
European Region,2023,GRC,Greece,Bloodstream,Acinetobacter spp.,Imipenem,1388,1333,96.037463977,Resistance_to_antibiotics_in_2023_European_Region-Bloodstream.csv
European Region,2023,GRC,Greece,Bloodstream,Acinetobacter spp.,Meropenem,151,133,88.079470199,Resistance_to_antibiotics_in_2023_European_Region-Bloodstream.csv
European Region,2023,IRL,Ireland,Bloodstream,Acinetobacter spp.,Amikacin,26,1,3.846153846,Resistance_to_antibiotics_in_2023_European_Region-Bloodstream.csv
European Region,2023,IRL,Ireland,Bloodstream,Acinetobacter spp.,Gentamicin,56,0,0,Resistance_to_antibiotics_in_2023_European_Region-Bloodstream.csv
European Region,2023,IRL,Ireland,Bloodstream,Acinetobacter spp.,Imipenem,12,0,0,Resistance_to_antibiotics_in_2023_European_Region-Bloodstream.csv
European Region,2023,IRL,Ireland,Bloodstream,Acinetobacter spp.,Meropenem,51,0,0,Resistance_to_antibiotics_in_2023_European_Region-Bloodstream.csv
European Region,2023,ITA,Italy,Bloodstream,Acinetobacter spp.,Amikacin,1673,1118,66.826060968,Resistance_to_antibiotics_in_2023_European_Region-Bloodstream.csv
European Region,2023,ITA,Italy,Bloodstream,Acinetobacter spp.,Colistin,1366,110,8.052708638,Resistance_to_antibiotics_in_2023_European_Region-Bloodstream.csv
European Region,2023,ITA,Italy,Bloodstream,Acinetobacter spp.,Gentamicin,2651,1935,72.991324029,Resistance_to_antibiotics_in_2023_European_Region-Bloodstream.csv
European Region,2023,ITA,Italy,Bloodstream,Acinetobacter spp.,Imipenem,1368,1095,80.043859649,Resistance_to_antibiotics_in_2023_European_Region-Bloodstream.csv
European Region,2023,ITA,Italy,Bloodstream,Acinetobacter spp.,Meropenem,1690,1221,72.24852071,Resistance_to_antibiotics_in_2023_European_Region-Bloodstream.csv
European Region,2023,XKX,Kosovo,Bloodstream,Acinetobacter spp.,Amikacin,29,27,93.103448276,Resistance_to_antibiotics_in_2023_European_Region-Bloodstream.csv
European Region,2023,XKX,Kosovo,Bloodstream,Acinetobacter spp.,Colistin,29,4,13.793103448,Resistance_to_antibiotics_in_2023_European_Region-Bloodstream.csv
European Region,2023,XKX,Kosovo,Bloodstream,Acinetobacter spp.,Gentamicin,28,25,89.285714286,Resistance_to_antibiotics_in_2023_European_Region-Bloodstream.csv
European Region,2023,XKX,Kosovo,Bloodstream,Acinetobacter spp.,Imipenem,29,27,93.103448276,Resistance_to_antibiotics_in_2023_European_Region-Bloodstream.csv
European Region,2023,XKX,Kosovo,Bloodstream,Acinetobacter spp.,Meropenem,29,27,93.103448276,Resistance_to_antibiotics_in_2023_European_Region-Bloodstream.csv
European Region,2023,LVA,Latvia,Bloodstream,Acinetobacter spp.,Amikacin,55,31,56.363636364,Resistance_to_antibiotics_in_2023_European_Region-Bloodstream.csv
European Region,2023,LVA,Latvia,Bloodstream,Acinetobacter spp.,Gentamicin,55,16,29.090909091,Resistance_to_antibiotics_in_2023_European_Region-Bloodstream.csv
European Region,2023,LVA,Latvia,Bloodstream,Acinetobacter spp.,Imipenem,55,37,67.272727273,Resistance_to_antibiotics_in_2023_European_Region-Bloodstream.csv
European Region,2023,LTU,Lithuania,Bloodstream,Acinetobacter spp.,Amikacin,81,68,83.950617284,Resistance_to_antibiotics_in_2023_European_Region-Bloodstream.csv
European Region,2023,LTU,Lithuania,Bloodstream,Acinetobacter spp.,Colistin,41,9,21.951219512,Resistance_to_antibiotics_in_2023_European_Region-Bloodstream.csv
European Region,2023,LTU,Lithuania,Bloodstream,Acinetobacter spp.,Gentamicin,120,99,82.5,Resistance_to_antibiotics_in_2023_European_Region-Bloodstream.csv
European Region,2023,LTU,Lithuania,Bloodstream,Acinetobacter spp.,Imipenem,55,47,85.454545455,Resistance_to_antibiotics_in_2023_European_Region-Bloodstream.csv
European Region,2023,LTU,Lithuania,Bloodstream,Acinetobacter spp.,Meropenem,67,66,98.507462687,Resistance_to_antibiotics_in_2023_European_Region-Bloodstream.csv
European Region,2023,MLT,Malta,Bloodstream,Acinetobacter spp.,Amikacin,22,1,4.545454545,Resistance_to_antibiotics_in_2023_European_Region-Bloodstream.csv
European Region,2023,MLT,Malta,Bloodstream,Acinetobacter spp.,Colistin,19,0,0,Resistance_to_antibiotics_in_2023_European_Region-Bloodstream.csv
European Region,2023,MLT,Malta,Bloodstream,Acinetobacter spp.,Gentamicin,23,1,4.347826087,Resistance_to_antibiotics_in_2023_European_Region-Bloodstream.csv
European Region,2023,MLT,Malta,Bloodstream,Acinetobacter spp.,Imipenem,22,1,4.545454545,Resistance_to_antibiotics_in_2023_European_Region-Bloodstream.csv
European Region,2023,MLT,Malta,Bloodstream,Acinetobacter spp.,Meropenem,23,1,4.347826087,Resistance_to_antibiotics_in_2023_European_Region-Bloodstream.csv
European Region,2023,NLD,Netherlands (Kingdom of the),Bloodstream,Acinetobacter spp.,Amikacin,25,2,8,Resistance_to_antibiotics_in_2023_European_Region-Bloodstream.csv
European Region,2023,NLD,Netherlands (Kingdom of the),Bloodstream,Acinetobacter spp.,Gentamicin,115,6,5.217391304,Resistance_to_antibiotics_in_2023_European_Region-Bloodstream.csv
European Region,2023,NLD,Netherlands (Kingdom of the),Bloodstream,Acinetobacter spp.,Imipenem,69,1,1.449275362,Resistance_to_antibiotics_in_2023_European_Region-Bloodstream.csv
European Region,2023,NLD,Netherlands (Kingdom of the),Bloodstream,Acinetobacter spp.,Meropenem,139,2,1.438848921,Resistance_to_antibiotics_in_2023_European_Region-Bloodstream.csv
European Region,2023,MKD,North Macedonia,Bloodstream,Acinetobacter spp.,Amikacin,32,30,93.75,Resistance_to_antibiotics_in_2023_European_Region-Bloodstream.csv
European Region,2023,MKD,North Macedonia,Bloodstream,Acinetobacter spp.,Colistin,20,0,0,Resistance_to_antibiotics_in_2023_European_Region-Bloodstream.csv
European Region,2023,MKD,North Macedonia,Bloodstream,Acinetobacter spp.,Gentamicin,32,31,96.875,Resistance_to_antibiotics_in_2023_European_Region-Bloodstream.csv
European Region,2023,MKD,North Macedonia,Bloodstream,Acinetobacter spp.,Imipenem,31,31,100,Resistance_to_antibiotics_in_2023_European_Region-Bloodstream.csv
European Region,2023,MKD,North Macedonia,Bloodstream,Acinetobacter spp.,Meropenem,31,30,96.774193548,Resistance_to_antibiotics_in_2023_European_Region-Bloodstream.csv
European Region,2023,NOR,Norway,Bloodstream,Acinetobacter spp.,Gentamicin,25,0,0,Resistance_to_antibiotics_in_2023_European_Region-Bloodstream.csv
European Region,2023,NOR,Norway,Bloodstream,Acinetobacter spp.,Meropenem,33,0,0,Resistance_to_antibiotics_in_2023_European_Region-Bloodstream.csv
European Region,2023,POL,Poland,Bloodstream,Acinetobacter spp.,Amikacin,396,261,65.909090909,Resistance_to_antibiotics_in_2023_European_Region-Bloodstream.csv
European Region,2023,POL,Poland,Bloodstream,Acinetobacter spp.,Colistin,48,2,4.166666667,Resistance_to_antibiotics_in_2023_European_Region-Bloodstream.csv
European Region,2023,POL,Poland,Bloodstream,Acinetobacter spp.,Gentamicin,425,291,68.470588235,Resistance_to_antibiotics_in_2023_European_Region-Bloodstream.csv
European Region,2023,POL,Poland,Bloodstream,Acinetobacter spp.,Imipenem,425,345,81.176470588,Resistance_to_antibiotics_in_2023_European_Region-Bloodstream.csv
European Region,2023,POL,Poland,Bloodstream,Acinetobacter spp.,Meropenem,20,10,50,Resistance_to_antibiotics_in_2023_European_Region-Bloodstream.csv
European Region,2023,MDA,Republic of Moldova,Bloodstream,Acinetobacter spp.,Amikacin,62,53,85.483870968,Resistance_to_antibiotics_in_2023_European_Region-Bloodstream.csv
European Region,2023,MDA,Republic of Moldova,Bloodstream,Acinetobacter spp.,Colistin,25,1,4,Resistance_to_antibiotics_in_2023_European_Region-Bloodstream.csv
European Region,2023,MDA,Republic of Moldova,Bloodstream,Acinetobacter spp.,Gentamicin,61,40,65.573770492,Resistance_to_antibiotics_in_2023_European_Region-Bloodstream.csv
European Region,2023,MDA,Republic of Moldova,Bloodstream,Acinetobacter spp.,Imipenem,61,52,85.245901639,Resistance_to_antibiotics_in_2023_European_Region-Bloodstream.csv
European Region,2023,MDA,Republic of Moldova,Bloodstream,Acinetobacter spp.,Meropenem,62,53,85.483870968,Resistance_to_antibiotics_in_2023_European_Region-Bloodstream.csv
European Region,2023,RUS,Russian Federation,Bloodstream,Acinetobacter spp.,Amikacin,1376,1186,86.191860465,Resistance_to_antibiotics_in_2023_European_Region-Bloodstream.csv
European Region,2023,RUS,Russian Federation,Bloodstream,Acinetobacter spp.,Colistin,646,23,3.560371517,Resistance_to_antibiotics_in_2023_European_Region-Bloodstream.csv
European Region,2023,RUS,Russian Federation,Bloodstream,Acinetobacter spp.,Gentamicin,1041,726,69.740634006,Resistance_to_antibiotics_in_2023_European_Region-Bloodstream.csv
European Region,2023,RUS,Russian Federation,Bloodstream,Acinetobacter spp.,Imipenem,1302,1149,88.248847926,Resistance_to_antibiotics_in_2023_European_Region-Bloodstream.csv
European Region,2023,RUS,Russian Federation,Bloodstream,Acinetobacter spp.,Meropenem,1344,676,50.297619048,Resistance_to_antibiotics_in_2023_European_Region-Bloodstream.csv
European Region,2023,SWE,Sweden,Bloodstream,Acinetobacter spp.,Amikacin,70,6,8.571428571,Resistance_to_antibiotics_in_2023_European_Region-Bloodstream.csv
European Region,2023,SWE,Sweden,Bloodstream,Acinetobacter spp.,Gentamicin,87,1,1.149425287,Resistance_to_antibiotics_in_2023_European_Region-Bloodstream.csv
European Region,2023,SWE,Sweden,Bloodstream,Acinetobacter spp.,Imipenem,125,3,2.4,Resistance_to_antibiotics_in_2023_European_Region-Bloodstream.csv
European Region,2023,SWE,Sweden,Bloodstream,Acinetobacter spp.,Meropenem,31,0,0,Resistance_to_antibiotics_in_2023_European_Region-Bloodstream.csv
European Region,2023,CHE,Switzerland,Bloodstream,Acinetobacter spp.,Amikacin,97,10,10.309278351,Resistance_to_antibiotics_in_2023_European_Region-Bloodstream.csv
European Region,2023,CHE,Switzerland,Bloodstream,Acinetobacter spp.,Colistin,12,0,0,Resistance_to_antibiotics_in_2023_European_Region-Bloodstream.csv
European Region,2023,CHE,Switzerland,Bloodstream,Acinetobacter spp.,Gentamicin,81,11,13.580246914,Resistance_to_antibiotics_in_2023_European_Region-Bloodstream.csv
European Region,2023,CHE,Switzerland,Bloodstream,Acinetobacter spp.,Imipenem,107,12,11.214953271,Resistance_to_antibiotics_in_2023_European_Region-Bloodstream.csv
European Region,2023,CHE,Switzerland,Bloodstream,Acinetobacter spp.,Meropenem,92,10,10.869565217,Resistance_to_antibiotics_in_2023_European_Region-Bloodstream.csv
European Region,2023,TUR,T<U+00FC>rkiye,Bloodstream,Acinetobacter spp.,Amikacin,2976,2531,85.047043011,Resistance_to_antibiotics_in_2023_European_Region-Bloodstream.csv
European Region,2023,TUR,T<U+00FC>rkiye,Bloodstream,Acinetobacter spp.,Colistin,1262,159,12.599049128,Resistance_to_antibiotics_in_2023_European_Region-Bloodstream.csv
European Region,2023,TUR,T<U+00FC>rkiye,Bloodstream,Acinetobacter spp.,Gentamicin,1557,1343,86.255619782,Resistance_to_antibiotics_in_2023_European_Region-Bloodstream.csv
European Region,2023,TUR,T<U+00FC>rkiye,Bloodstream,Acinetobacter spp.,Imipenem,2726,2471,90.645634629,Resistance_to_antibiotics_in_2023_European_Region-Bloodstream.csv
European Region,2023,TUR,T<U+00FC>rkiye,Bloodstream,Acinetobacter spp.,Meropenem,2952,2642,89.498644986,Resistance_to_antibiotics_in_2023_European_Region-Bloodstream.csv
European Region,2023,UKR,Ukraine,Bloodstream,Acinetobacter spp.,Amikacin,257,205,79.766536965,Resistance_to_antibiotics_in_2023_European_Region-Bloodstream.csv
European Region,2023,UKR,Ukraine,Bloodstream,Acinetobacter spp.,Colistin,82,2,2.43902439,Resistance_to_antibiotics_in_2023_European_Region-Bloodstream.csv
European Region,2023,UKR,Ukraine,Bloodstream,Acinetobacter spp.,Gentamicin,228,133,58.333333333,Resistance_to_antibiotics_in_2023_European_Region-Bloodstream.csv
European Region,2023,UKR,Ukraine,Bloodstream,Acinetobacter spp.,Imipenem,213,173,81.220657277,Resistance_to_antibiotics_in_2023_European_Region-Bloodstream.csv
European Region,2023,UKR,Ukraine,Bloodstream,Acinetobacter spp.,Meropenem,261,207,79.310344828,Resistance_to_antibiotics_in_2023_European_Region-Bloodstream.csv
European Region,2023,GBR,United Kingdom of Great Britain and Northern Ireland,Bloodstream,Acinetobacter spp.,Amikacin,605,10,1.652892562,Resistance_to_antibiotics_in_2023_European_Region-Bloodstream.csv
European Region,2023,GBR,United Kingdom of Great Britain and Northern Ireland,Bloodstream,Acinetobacter spp.,Colistin,39,2,5.128205128,Resistance_to_antibiotics_in_2023_European_Region-Bloodstream.csv
European Region,2023,GBR,United Kingdom of Great Britain and Northern Ireland,Bloodstream,Acinetobacter spp.,Gentamicin,997,28,2.808425276,Resistance_to_antibiotics_in_2023_European_Region-Bloodstream.csv
European Region,2023,GBR,United Kingdom of Great Britain and Northern Ireland,Bloodstream,Acinetobacter spp.,Imipenem,212,9,4.245283019,Resistance_to_antibiotics_in_2023_European_Region-Bloodstream.csv
European Region,2023,GBR,United Kingdom of Great Britain and Northern Ireland,Bloodstream,Acinetobacter spp.,Meropenem,1034,23,2.224371373,Resistance_to_antibiotics_in_2023_European_Region-Bloodstream.csv
Region of the Americas,2020,ARG,Argentina,Bloodstream,Acinetobacter spp.,Amikacin,626,167,26.677316294,Resistance_to_antibiotics_in_2020_Region_of_the_Americas-Bloodstream.csv
Region of the Americas,2020,ARG,Argentina,Bloodstream,Acinetobacter spp.,Colistin,500,11,2.2,Resistance_to_antibiotics_in_2020_Region_of_the_Americas-Bloodstream.csv
Region of the Americas,2020,ARG,Argentina,Bloodstream,Acinetobacter spp.,Gentamicin,615,464,75.447154472,Resistance_to_antibiotics_in_2020_Region_of_the_Americas-Bloodstream.csv
Region of the Americas,2020,ARG,Argentina,Bloodstream,Acinetobacter spp.,Imipenem,640,528,82.5,Resistance_to_antibiotics_in_2020_Region_of_the_Americas-Bloodstream.csv
Region of the Americas,2020,ARG,Argentina,Bloodstream,Acinetobacter spp.,Meropenem,637,523,82.103610675,Resistance_to_antibiotics_in_2020_Region_of_the_Americas-Bloodstream.csv
Region of the Americas,2020,ARG,Argentina,Bloodstream,Acinetobacter spp.,Minocycline,374,78,20.855614973,Resistance_to_antibiotics_in_2020_Region_of_the_Americas-Bloodstream.csv
Region of the Americas,2020,BRA,Brazil,Bloodstream,Acinetobacter spp.,Amikacin,65,51,78.461538462,Resistance_to_antibiotics_in_2020_Region_of_the_Americas-Bloodstream.csv
Region of the Americas,2020,BRA,Brazil,Bloodstream,Acinetobacter spp.,Gentamicin,65,42,64.615384615,Resistance_to_antibiotics_in_2020_Region_of_the_Americas-Bloodstream.csv
Region of the Americas,2020,BRA,Brazil,Bloodstream,Acinetobacter spp.,Imipenem,63,48,76.19047619,Resistance_to_antibiotics_in_2020_Region_of_the_Americas-Bloodstream.csv
Region of the Americas,2020,BRA,Brazil,Bloodstream,Acinetobacter spp.,Meropenem,65,52,80,Resistance_to_antibiotics_in_2020_Region_of_the_Americas-Bloodstream.csv
Region of the Americas,2020,PER,Peru,Bloodstream,Acinetobacter spp.,Amikacin,212,119,56.132075472,Resistance_to_antibiotics_in_2020_Region_of_the_Americas-Bloodstream.csv
Region of the Americas,2020,PER,Peru,Bloodstream,Acinetobacter spp.,Colistin,143,0,0,Resistance_to_antibiotics_in_2020_Region_of_the_Americas-Bloodstream.csv
Region of the Americas,2020,PER,Peru,Bloodstream,Acinetobacter spp.,Gentamicin,274,186,67.883211679,Resistance_to_antibiotics_in_2020_Region_of_the_Americas-Bloodstream.csv
Region of the Americas,2020,PER,Peru,Bloodstream,Acinetobacter spp.,Imipenem,270,238,88.148148148,Resistance_to_antibiotics_in_2020_Region_of_the_Americas-Bloodstream.csv
Region of the Americas,2020,PER,Peru,Bloodstream,Acinetobacter spp.,Meropenem,272,241,88.602941176,Resistance_to_antibiotics_in_2020_Region_of_the_Americas-Bloodstream.csv
Region of the Americas,2021,ARG,Argentina,Bloodstream,Acinetobacter spp.,Amikacin,749,313,41.789052069,Resistance_to_antibiotics_in_2021_Region_of_the_Americas-Bloodstream.csv
Region of the Americas,2021,ARG,Argentina,Bloodstream,Acinetobacter spp.,Colistin,498,8,1.606425703,Resistance_to_antibiotics_in_2021_Region_of_the_Americas-Bloodstream.csv
Region of the Americas,2021,ARG,Argentina,Bloodstream,Acinetobacter spp.,Gentamicin,752,542,72.074468085,Resistance_to_antibiotics_in_2021_Region_of_the_Americas-Bloodstream.csv
Region of the Americas,2021,ARG,Argentina,Bloodstream,Acinetobacter spp.,Imipenem,780,626,80.256410256,Resistance_to_antibiotics_in_2021_Region_of_the_Americas-Bloodstream.csv
Region of the Americas,2021,ARG,Argentina,Bloodstream,Acinetobacter spp.,Meropenem,782,622,79.539641944,Resistance_to_antibiotics_in_2021_Region_of_the_Americas-Bloodstream.csv
Region of the Americas,2021,ARG,Argentina,Bloodstream,Acinetobacter spp.,Minocycline,546,97,17.765567766,Resistance_to_antibiotics_in_2021_Region_of_the_Americas-Bloodstream.csv
Region of the Americas,2021,BRA,Brazil,Bloodstream,Acinetobacter spp.,Amikacin,201,65,32.338308458,Resistance_to_antibiotics_in_2021_Region_of_the_Americas-Bloodstream.csv
Region of the Americas,2021,BRA,Brazil,Bloodstream,Acinetobacter spp.,Gentamicin,204,57,27.941176471,Resistance_to_antibiotics_in_2021_Region_of_the_Americas-Bloodstream.csv
Region of the Americas,2021,BRA,Brazil,Bloodstream,Acinetobacter spp.,Imipenem,212,68,32.075471698,Resistance_to_antibiotics_in_2021_Region_of_the_Americas-Bloodstream.csv
Region of the Americas,2021,BRA,Brazil,Bloodstream,Acinetobacter spp.,Meropenem,215,68,31.627906977,Resistance_to_antibiotics_in_2021_Region_of_the_Americas-Bloodstream.csv
Region of the Americas,2021,COL,Colombia,Bloodstream,Acinetobacter spp.,Amikacin,1036,131,12.644787645,Resistance_to_antibiotics_in_2021_Region_of_the_Americas-Bloodstream.csv
Region of the Americas,2021,COL,Colombia,Bloodstream,Acinetobacter spp.,Colistin,480,18,3.75,Resistance_to_antibiotics_in_2021_Region_of_the_Americas-Bloodstream.csv
Region of the Americas,2021,COL,Colombia,Bloodstream,Acinetobacter spp.,Doripenem,338,120,35.50295858,Resistance_to_antibiotics_in_2021_Region_of_the_Americas-Bloodstream.csv
Region of the Americas,2021,COL,Colombia,Bloodstream,Acinetobacter spp.,Gentamicin,1465,397,27.098976109,Resistance_to_antibiotics_in_2021_Region_of_the_Americas-Bloodstream.csv
Region of the Americas,2021,COL,Colombia,Bloodstream,Acinetobacter spp.,Imipenem,1048,448,42.748091603,Resistance_to_antibiotics_in_2021_Region_of_the_Americas-Bloodstream.csv
Region of the Americas,2021,COL,Colombia,Bloodstream,Acinetobacter spp.,Meropenem,1490,497,33.355704698,Resistance_to_antibiotics_in_2021_Region_of_the_Americas-Bloodstream.csv
Region of the Americas,2021,COL,Colombia,Bloodstream,Acinetobacter spp.,Minocycline,114,3,2.631578947,Resistance_to_antibiotics_in_2021_Region_of_the_Americas-Bloodstream.csv
Region of the Americas,2021,COL,Colombia,Bloodstream,Acinetobacter spp.,Tigecycline,947,12,1.267159451,Resistance_to_antibiotics_in_2021_Region_of_the_Americas-Bloodstream.csv
Region of the Americas,2021,PER,Peru,Bloodstream,Acinetobacter spp.,Amikacin,304,161,52.960526316,Resistance_to_antibiotics_in_2021_Region_of_the_Americas-Bloodstream.csv
Region of the Americas,2021,PER,Peru,Bloodstream,Acinetobacter spp.,Colistin,169,0,0,Resistance_to_antibiotics_in_2021_Region_of_the_Americas-Bloodstream.csv
Region of the Americas,2021,PER,Peru,Bloodstream,Acinetobacter spp.,Gentamicin,307,208,67.752442997,Resistance_to_antibiotics_in_2021_Region_of_the_Americas-Bloodstream.csv
Region of the Americas,2021,PER,Peru,Bloodstream,Acinetobacter spp.,Imipenem,340,292,85.882352941,Resistance_to_antibiotics_in_2021_Region_of_the_Americas-Bloodstream.csv
Region of the Americas,2021,PER,Peru,Bloodstream,Acinetobacter spp.,Meropenem,343,294,85.714285714,Resistance_to_antibiotics_in_2021_Region_of_the_Americas-Bloodstream.csv
Region of the Americas,2021,PER,Peru,Bloodstream,Acinetobacter spp.,Minocycline,18,5,27.777777778,Resistance_to_antibiotics_in_2021_Region_of_the_Americas-Bloodstream.csv
Region of the Americas,2022,ARG,Argentina,Bloodstream,Acinetobacter spp.,Amikacin,480,172,35.833333333,Resistance_to_antibiotics_in_2022_Region_of_the_Americas-Bloodstream.csv
Region of the Americas,2022,ARG,Argentina,Bloodstream,Acinetobacter spp.,Colistin,221,7,3.167420814,Resistance_to_antibiotics_in_2022_Region_of_the_Americas-Bloodstream.csv
Region of the Americas,2022,ARG,Argentina,Bloodstream,Acinetobacter spp.,Gentamicin,457,282,61.70678337,Resistance_to_antibiotics_in_2022_Region_of_the_Americas-Bloodstream.csv
Region of the Americas,2022,ARG,Argentina,Bloodstream,Acinetobacter spp.,Imipenem,476,367,77.100840336,Resistance_to_antibiotics_in_2022_Region_of_the_Americas-Bloodstream.csv
Region of the Americas,2022,ARG,Argentina,Bloodstream,Acinetobacter spp.,Meropenem,474,366,77.215189873,Resistance_to_antibiotics_in_2022_Region_of_the_Americas-Bloodstream.csv
Region of the Americas,2022,ARG,Argentina,Bloodstream,Acinetobacter spp.,Minocycline,353,79,22.379603399,Resistance_to_antibiotics_in_2022_Region_of_the_Americas-Bloodstream.csv
Region of the Americas,2022,BRA,Brazil,Bloodstream,Acinetobacter spp.,Amikacin,111,86,77.477477477,Resistance_to_antibiotics_in_2022_Region_of_the_Americas-Bloodstream.csv
Region of the Americas,2022,BRA,Brazil,Bloodstream,Acinetobacter spp.,Gentamicin,111,83,74.774774775,Resistance_to_antibiotics_in_2022_Region_of_the_Americas-Bloodstream.csv
Region of the Americas,2022,BRA,Brazil,Bloodstream,Acinetobacter spp.,Imipenem,74,62,83.783783784,Resistance_to_antibiotics_in_2022_Region_of_the_Americas-Bloodstream.csv
Region of the Americas,2022,BRA,Brazil,Bloodstream,Acinetobacter spp.,Meropenem,111,90,81.081081081,Resistance_to_antibiotics_in_2022_Region_of_the_Americas-Bloodstream.csv
Region of the Americas,2022,COL,Colombia,Bloodstream,Acinetobacter spp.,Amikacin,1262,108,8.557844691,Resistance_to_antibiotics_in_2022_Region_of_the_Americas-Bloodstream.csv
Region of the Americas,2022,COL,Colombia,Bloodstream,Acinetobacter spp.,Colistin,299,18,6.02006689,Resistance_to_antibiotics_in_2022_Region_of_the_Americas-Bloodstream.csv
Region of the Americas,2022,COL,Colombia,Bloodstream,Acinetobacter spp.,Doripenem,175,26,14.857142857,Resistance_to_antibiotics_in_2022_Region_of_the_Americas-Bloodstream.csv
Region of the Americas,2022,COL,Colombia,Bloodstream,Acinetobacter spp.,Gentamicin,1314,223,16.97108067,Resistance_to_antibiotics_in_2022_Region_of_the_Americas-Bloodstream.csv
Region of the Americas,2022,COL,Colombia,Bloodstream,Acinetobacter spp.,Imipenem,1093,298,27.264409881,Resistance_to_antibiotics_in_2022_Region_of_the_Americas-Bloodstream.csv
Region of the Americas,2022,COL,Colombia,Bloodstream,Acinetobacter spp.,Meropenem,1538,314,20.416124837,Resistance_to_antibiotics_in_2022_Region_of_the_Americas-Bloodstream.csv
Region of the Americas,2022,COL,Colombia,Bloodstream,Acinetobacter spp.,Minocycline,161,3,1.863354037,Resistance_to_antibiotics_in_2022_Region_of_the_Americas-Bloodstream.csv
Region of the Americas,2022,COL,Colombia,Bloodstream,Acinetobacter spp.,Tigecycline,641,9,1.404056162,Resistance_to_antibiotics_in_2022_Region_of_the_Americas-Bloodstream.csv
Region of the Americas,2022,PER,Peru,Bloodstream,Acinetobacter spp.,Amikacin,112,54,48.214285714,Resistance_to_antibiotics_in_2022_Region_of_the_Americas-Bloodstream.csv
Region of the Americas,2022,PER,Peru,Bloodstream,Acinetobacter spp.,Colistin,51,1,1.960784314,Resistance_to_antibiotics_in_2022_Region_of_the_Americas-Bloodstream.csv
Region of the Americas,2022,PER,Peru,Bloodstream,Acinetobacter spp.,Gentamicin,94,48,51.063829787,Resistance_to_antibiotics_in_2022_Region_of_the_Americas-Bloodstream.csv
Region of the Americas,2022,PER,Peru,Bloodstream,Acinetobacter spp.,Imipenem,111,70,63.063063063,Resistance_to_antibiotics_in_2022_Region_of_the_Americas-Bloodstream.csv
Region of the Americas,2022,PER,Peru,Bloodstream,Acinetobacter spp.,Meropenem,111,73,65.765765766,Resistance_to_antibiotics_in_2022_Region_of_the_Americas-Bloodstream.csv
Region of the Americas,2023,ARG,Argentina,Bloodstream,Acinetobacter spp.,Amikacin,561,248,44.206773619,Resistance_to_antibiotics_in_2023_Region_of_the_Americas-Bloodstream.csv
Region of the Americas,2023,ARG,Argentina,Bloodstream,Acinetobacter spp.,Colistin,164,8,4.87804878,Resistance_to_antibiotics_in_2023_Region_of_the_Americas-Bloodstream.csv
Region of the Americas,2023,ARG,Argentina,Bloodstream,Acinetobacter spp.,Gentamicin,547,352,64.351005484,Resistance_to_antibiotics_in_2023_Region_of_the_Americas-Bloodstream.csv
Region of the Americas,2023,ARG,Argentina,Bloodstream,Acinetobacter spp.,Imipenem,560,406,72.5,Resistance_to_antibiotics_in_2023_Region_of_the_Americas-Bloodstream.csv
Region of the Americas,2023,ARG,Argentina,Bloodstream,Acinetobacter spp.,Meropenem,560,404,72.142857143,Resistance_to_antibiotics_in_2023_Region_of_the_Americas-Bloodstream.csv
Region of the Americas,2023,ARG,Argentina,Bloodstream,Acinetobacter spp.,Minocycline,421,95,22.565320665,Resistance_to_antibiotics_in_2023_Region_of_the_Americas-Bloodstream.csv
Region of the Americas,2023,BRA,Brazil,Bloodstream,Acinetobacter spp.,Amikacin,210,148,70.476190476,Resistance_to_antibiotics_in_2023_Region_of_the_Americas-Bloodstream.csv
Region of the Americas,2023,BRA,Brazil,Bloodstream,Acinetobacter spp.,Gentamicin,235,139,59.14893617,Resistance_to_antibiotics_in_2023_Region_of_the_Americas-Bloodstream.csv
Region of the Americas,2023,BRA,Brazil,Bloodstream,Acinetobacter spp.,Imipenem,113,73,64.601769912,Resistance_to_antibiotics_in_2023_Region_of_the_Americas-Bloodstream.csv
Region of the Americas,2023,BRA,Brazil,Bloodstream,Acinetobacter spp.,Meropenem,213,149,69.953051643,Resistance_to_antibiotics_in_2023_Region_of_the_Americas-Bloodstream.csv
Region of the Americas,2023,CAN,Canada,Bloodstream,Acinetobacter spp.,Gentamicin,128,3,2.34375,Resistance_to_antibiotics_in_2023_Region_of_the_Americas-Bloodstream.csv
Region of the Americas,2023,CAN,Canada,Bloodstream,Acinetobacter spp.,Meropenem,66,2,3.03030303,Resistance_to_antibiotics_in_2023_Region_of_the_Americas-Bloodstream.csv
Region of the Americas,2023,COL,Colombia,Bloodstream,Acinetobacter spp.,Amikacin,1412,90,6.373937677,Resistance_to_antibiotics_in_2023_Region_of_the_Americas-Bloodstream.csv
Region of the Americas,2023,COL,Colombia,Bloodstream,Acinetobacter spp.,Colistin,228,11,4.824561404,Resistance_to_antibiotics_in_2023_Region_of_the_Americas-Bloodstream.csv
Region of the Americas,2023,COL,Colombia,Bloodstream,Acinetobacter spp.,Doripenem,54,8,14.814814815,Resistance_to_antibiotics_in_2023_Region_of_the_Americas-Bloodstream.csv
Region of the Americas,2023,COL,Colombia,Bloodstream,Acinetobacter spp.,Gentamicin,1267,195,15.390686661,Resistance_to_antibiotics_in_2023_Region_of_the_Americas-Bloodstream.csv
Region of the Americas,2023,COL,Colombia,Bloodstream,Acinetobacter spp.,Imipenem,1227,282,22.982885086,Resistance_to_antibiotics_in_2023_Region_of_the_Americas-Bloodstream.csv
Region of the Americas,2023,COL,Colombia,Bloodstream,Acinetobacter spp.,Meropenem,1563,279,17.850287908,Resistance_to_antibiotics_in_2023_Region_of_the_Americas-Bloodstream.csv
Region of the Americas,2023,COL,Colombia,Bloodstream,Acinetobacter spp.,Minocycline,195,12,6.153846154,Resistance_to_antibiotics_in_2023_Region_of_the_Americas-Bloodstream.csv
Region of the Americas,2023,COL,Colombia,Bloodstream,Acinetobacter spp.,Tigecycline,567,6,1.058201058,Resistance_to_antibiotics_in_2023_Region_of_the_Americas-Bloodstream.csv
Region of the Americas,2023,PER,Peru,Bloodstream,Acinetobacter spp.,Amikacin,51,6,11.764705882,Resistance_to_antibiotics_in_2023_Region_of_the_Americas-Bloodstream.csv
Region of the Americas,2023,PER,Peru,Bloodstream,Acinetobacter spp.,Colistin,57,0,0,Resistance_to_antibiotics_in_2023_Region_of_the_Americas-Bloodstream.csv
Region of the Americas,2023,PER,Peru,Bloodstream,Acinetobacter spp.,Gentamicin,123,79,64.227642276,Resistance_to_antibiotics_in_2023_Region_of_the_Americas-Bloodstream.csv
Region of the Americas,2023,PER,Peru,Bloodstream,Acinetobacter spp.,Imipenem,11,9,81.818181818,Resistance_to_antibiotics_in_2023_Region_of_the_Americas-Bloodstream.csv
Region of the Americas,2023,PER,Peru,Bloodstream,Acinetobacter spp.,Meropenem,12,9,75,Resistance_to_antibiotics_in_2023_Region_of_the_Americas-Bloodstream.csv
South-East Asia Region,2020,IND,India,Bloodstream,Acinetobacter spp.,Amikacin,1590,1088,68.427672956,1784926971312_Resistance_to_antibiotics_in_2020_South-East_Asia_Region-Bloodstream.csv
South-East Asia Region,2020,IND,India,Bloodstream,Acinetobacter spp.,Colistin,371,3,0.808625337,1784926971312_Resistance_to_antibiotics_in_2020_South-East_Asia_Region-Bloodstream.csv
South-East Asia Region,2020,IND,India,Bloodstream,Acinetobacter spp.,Gentamicin,288,157,54.513888889,1784926971312_Resistance_to_antibiotics_in_2020_South-East_Asia_Region-Bloodstream.csv
South-East Asia Region,2020,IND,India,Bloodstream,Acinetobacter spp.,Imipenem,1546,1207,78.072445019,1784926971312_Resistance_to_antibiotics_in_2020_South-East_Asia_Region-Bloodstream.csv
South-East Asia Region,2020,IND,India,Bloodstream,Acinetobacter spp.,Meropenem,1546,1205,77.943078913,1784926971312_Resistance_to_antibiotics_in_2020_South-East_Asia_Region-Bloodstream.csv
South-East Asia Region,2020,IND,India,Bloodstream,Acinetobacter spp.,Minocycline,1329,418,31.452219714,1784926971312_Resistance_to_antibiotics_in_2020_South-East_Asia_Region-Bloodstream.csv
South-East Asia Region,2020,IDN,Indonesia,Bloodstream,Acinetobacter spp.,Amikacin,310,118,38.064516129,1784926971312_Resistance_to_antibiotics_in_2020_South-East_Asia_Region-Bloodstream.csv
South-East Asia Region,2020,IDN,Indonesia,Bloodstream,Acinetobacter spp.,Doripenem,26,21,80.769230769,1784926971312_Resistance_to_antibiotics_in_2020_South-East_Asia_Region-Bloodstream.csv
South-East Asia Region,2020,IDN,Indonesia,Bloodstream,Acinetobacter spp.,Gentamicin,306,187,61.111111111,1784926971312_Resistance_to_antibiotics_in_2020_South-East_Asia_Region-Bloodstream.csv
South-East Asia Region,2020,IDN,Indonesia,Bloodstream,Acinetobacter spp.,Imipenem,58,40,68.965517241,1784926971312_Resistance_to_antibiotics_in_2020_South-East_Asia_Region-Bloodstream.csv
South-East Asia Region,2020,IDN,Indonesia,Bloodstream,Acinetobacter spp.,Meropenem,302,184,60.927152318,1784926971312_Resistance_to_antibiotics_in_2020_South-East_Asia_Region-Bloodstream.csv
South-East Asia Region,2020,IDN,Indonesia,Bloodstream,Acinetobacter spp.,Tigecycline,266,22,8.270676692,1784926971312_Resistance_to_antibiotics_in_2020_South-East_Asia_Region-Bloodstream.csv
South-East Asia Region,2020,MMR,Myanmar,Bloodstream,Acinetobacter spp.,Amikacin,57,25,43.859649123,1784926971312_Resistance_to_antibiotics_in_2020_South-East_Asia_Region-Bloodstream.csv
South-East Asia Region,2020,MMR,Myanmar,Bloodstream,Acinetobacter spp.,Gentamicin,101,41,40.594059406,1784926971312_Resistance_to_antibiotics_in_2020_South-East_Asia_Region-Bloodstream.csv
South-East Asia Region,2020,MMR,Myanmar,Bloodstream,Acinetobacter spp.,Imipenem,95,46,48.421052632,1784926971312_Resistance_to_antibiotics_in_2020_South-East_Asia_Region-Bloodstream.csv
South-East Asia Region,2020,MMR,Myanmar,Bloodstream,Acinetobacter spp.,Meropenem,21,7,33.333333333,1784926971312_Resistance_to_antibiotics_in_2020_South-East_Asia_Region-Bloodstream.csv
South-East Asia Region,2020,MMR,Myanmar,Bloodstream,Acinetobacter spp.,Minocycline,35,8,22.857142857,1784926971312_Resistance_to_antibiotics_in_2020_South-East_Asia_Region-Bloodstream.csv
South-East Asia Region,2020,NPL,Nepal,Bloodstream,Acinetobacter spp.,Amikacin,157,71,45.222929936,1784926971312_Resistance_to_antibiotics_in_2020_South-East_Asia_Region-Bloodstream.csv
South-East Asia Region,2020,NPL,Nepal,Bloodstream,Acinetobacter spp.,Gentamicin,167,83,49.700598802,1784926971312_Resistance_to_antibiotics_in_2020_South-East_Asia_Region-Bloodstream.csv
South-East Asia Region,2020,NPL,Nepal,Bloodstream,Acinetobacter spp.,Imipenem,137,67,48.905109489,1784926971312_Resistance_to_antibiotics_in_2020_South-East_Asia_Region-Bloodstream.csv
South-East Asia Region,2020,NPL,Nepal,Bloodstream,Acinetobacter spp.,Meropenem,141,55,39.007092199,1784926971312_Resistance_to_antibiotics_in_2020_South-East_Asia_Region-Bloodstream.csv
South-East Asia Region,2020,NPL,Nepal,Bloodstream,Acinetobacter spp.,Tigecycline,76,1,1.315789474,1784926971312_Resistance_to_antibiotics_in_2020_South-East_Asia_Region-Bloodstream.csv
South-East Asia Region,2020,LKA,Sri Lanka,Bloodstream,Acinetobacter spp.,Imipenem,45,24,53.333333333,1784926971312_Resistance_to_antibiotics_in_2020_South-East_Asia_Region-Bloodstream.csv
South-East Asia Region,2020,LKA,Sri Lanka,Bloodstream,Acinetobacter spp.,Meropenem,49,27,55.102040816,1784926971312_Resistance_to_antibiotics_in_2020_South-East_Asia_Region-Bloodstream.csv
South-East Asia Region,2020,THA,Thailand,Bloodstream,Acinetobacter spp.,Amikacin,612,195,31.862745098,1784926971312_Resistance_to_antibiotics_in_2020_South-East_Asia_Region-Bloodstream.csv
South-East Asia Region,2020,THA,Thailand,Bloodstream,Acinetobacter spp.,Colistin,407,5,1.228501229,1784926971312_Resistance_to_antibiotics_in_2020_South-East_Asia_Region-Bloodstream.csv
South-East Asia Region,2020,THA,Thailand,Bloodstream,Acinetobacter spp.,Doripenem,239,158,66.108786611,1784926971312_Resistance_to_antibiotics_in_2020_South-East_Asia_Region-Bloodstream.csv
South-East Asia Region,2020,THA,Thailand,Bloodstream,Acinetobacter spp.,Gentamicin,654,282,43.119266055,1784926971312_Resistance_to_antibiotics_in_2020_South-East_Asia_Region-Bloodstream.csv
South-East Asia Region,2020,THA,Thailand,Bloodstream,Acinetobacter spp.,Imipenem,783,425,54.278416347,1784926971312_Resistance_to_antibiotics_in_2020_South-East_Asia_Region-Bloodstream.csv
South-East Asia Region,2020,THA,Thailand,Bloodstream,Acinetobacter spp.,Meropenem,779,431,55.327342747,1784926971312_Resistance_to_antibiotics_in_2020_South-East_Asia_Region-Bloodstream.csv
South-East Asia Region,2020,THA,Thailand,Bloodstream,Acinetobacter spp.,Tigecycline,53,1,1.886792453,1784926971312_Resistance_to_antibiotics_in_2020_South-East_Asia_Region-Bloodstream.csv
South-East Asia Region,2022,IND,India,Bloodstream,Acinetobacter spp.,Amikacin,8187,5023,61.353365091,1784926971312_Resistance_to_antibiotics_in_2022_South-East_Asia_Region-Bloodstream.csv
South-East Asia Region,2022,IND,India,Bloodstream,Acinetobacter spp.,Colistin,4955,38,0.766902119,1784926971312_Resistance_to_antibiotics_in_2022_South-East_Asia_Region-Bloodstream.csv
South-East Asia Region,2022,IND,India,Bloodstream,Acinetobacter spp.,Gentamicin,6009,3443,57.297387252,1784926971312_Resistance_to_antibiotics_in_2022_South-East_Asia_Region-Bloodstream.csv
South-East Asia Region,2022,IND,India,Bloodstream,Acinetobacter spp.,Imipenem,7900,5227,66.164556962,1784926971312_Resistance_to_antibiotics_in_2022_South-East_Asia_Region-Bloodstream.csv
South-East Asia Region,2022,IND,India,Bloodstream,Acinetobacter spp.,Meropenem,5109,3405,66.647093365,1784926971312_Resistance_to_antibiotics_in_2022_South-East_Asia_Region-Bloodstream.csv
South-East Asia Region,2022,IND,India,Bloodstream,Acinetobacter spp.,Minocycline,6015,1611,26.783042394,1784926971312_Resistance_to_antibiotics_in_2022_South-East_Asia_Region-Bloodstream.csv
South-East Asia Region,2022,IDN,Indonesia,Bloodstream,Acinetobacter spp.,Amikacin,1094,444,40.585009141,1784926971312_Resistance_to_antibiotics_in_2022_South-East_Asia_Region-Bloodstream.csv
South-East Asia Region,2022,IDN,Indonesia,Bloodstream,Acinetobacter spp.,Colistin,66,5,7.575757576,1784926971312_Resistance_to_antibiotics_in_2022_South-East_Asia_Region-Bloodstream.csv
South-East Asia Region,2022,IDN,Indonesia,Bloodstream,Acinetobacter spp.,Doripenem,246,128,52.032520325,1784926971312_Resistance_to_antibiotics_in_2022_South-East_Asia_Region-Bloodstream.csv
South-East Asia Region,2022,IDN,Indonesia,Bloodstream,Acinetobacter spp.,Gentamicin,1108,653,58.935018051,1784926971312_Resistance_to_antibiotics_in_2022_South-East_Asia_Region-Bloodstream.csv
South-East Asia Region,2022,IDN,Indonesia,Bloodstream,Acinetobacter spp.,Imipenem,530,311,58.679245283,1784926971312_Resistance_to_antibiotics_in_2022_South-East_Asia_Region-Bloodstream.csv
South-East Asia Region,2022,IDN,Indonesia,Bloodstream,Acinetobacter spp.,Meropenem,1078,648,60.111317254,1784926971312_Resistance_to_antibiotics_in_2022_South-East_Asia_Region-Bloodstream.csv
South-East Asia Region,2022,IDN,Indonesia,Bloodstream,Acinetobacter spp.,Minocycline,11,1,9.090909091,1784926971312_Resistance_to_antibiotics_in_2022_South-East_Asia_Region-Bloodstream.csv
South-East Asia Region,2022,IDN,Indonesia,Bloodstream,Acinetobacter spp.,Tigecycline,894,111,12.416107383,1784926971312_Resistance_to_antibiotics_in_2022_South-East_Asia_Region-Bloodstream.csv
South-East Asia Region,2022,MMR,Myanmar,Bloodstream,Acinetobacter spp.,Amikacin,10,6,60,1784926971312_Resistance_to_antibiotics_in_2022_South-East_Asia_Region-Bloodstream.csv
South-East Asia Region,2022,MMR,Myanmar,Bloodstream,Acinetobacter spp.,Gentamicin,10,6,60,1784926971312_Resistance_to_antibiotics_in_2022_South-East_Asia_Region-Bloodstream.csv
South-East Asia Region,2022,MMR,Myanmar,Bloodstream,Acinetobacter spp.,Imipenem,10,8,80,1784926971312_Resistance_to_antibiotics_in_2022_South-East_Asia_Region-Bloodstream.csv
South-East Asia Region,2022,NPL,Nepal,Bloodstream,Acinetobacter spp.,Amikacin,321,155,48.286604361,1784926971312_Resistance_to_antibiotics_in_2022_South-East_Asia_Region-Bloodstream.csv
South-East Asia Region,2022,NPL,Nepal,Bloodstream,Acinetobacter spp.,Gentamicin,356,154,43.258426966,1784926971312_Resistance_to_antibiotics_in_2022_South-East_Asia_Region-Bloodstream.csv
South-East Asia Region,2022,NPL,Nepal,Bloodstream,Acinetobacter spp.,Imipenem,205,125,60.975609756,1784926971312_Resistance_to_antibiotics_in_2022_South-East_Asia_Region-Bloodstream.csv
South-East Asia Region,2022,NPL,Nepal,Bloodstream,Acinetobacter spp.,Meropenem,256,149,58.203125,1784926971312_Resistance_to_antibiotics_in_2022_South-East_Asia_Region-Bloodstream.csv
South-East Asia Region,2022,LKA,Sri Lanka,Bloodstream,Acinetobacter spp.,Imipenem,60,32,53.333333333,1784926971312_Resistance_to_antibiotics_in_2022_South-East_Asia_Region-Bloodstream.csv
South-East Asia Region,2022,LKA,Sri Lanka,Bloodstream,Acinetobacter spp.,Meropenem,73,43,58.904109589,1784926971312_Resistance_to_antibiotics_in_2022_South-East_Asia_Region-Bloodstream.csv
South-East Asia Region,2022,THA,Thailand,Bloodstream,Acinetobacter spp.,Amikacin,717,283,39.470013947,1784926971312_Resistance_to_antibiotics_in_2022_South-East_Asia_Region-Bloodstream.csv
South-East Asia Region,2022,THA,Thailand,Bloodstream,Acinetobacter spp.,Colistin,301,10,3.322259136,1784926971312_Resistance_to_antibiotics_in_2022_South-East_Asia_Region-Bloodstream.csv
South-East Asia Region,2022,THA,Thailand,Bloodstream,Acinetobacter spp.,Doripenem,250,133,53.2,1784926971312_Resistance_to_antibiotics_in_2022_South-East_Asia_Region-Bloodstream.csv
South-East Asia Region,2022,THA,Thailand,Bloodstream,Acinetobacter spp.,Gentamicin,764,380,49.738219895,1784926971312_Resistance_to_antibiotics_in_2022_South-East_Asia_Region-Bloodstream.csv
South-East Asia Region,2022,THA,Thailand,Bloodstream,Acinetobacter spp.,Imipenem,1121,638,56.913470116,1784926971312_Resistance_to_antibiotics_in_2022_South-East_Asia_Region-Bloodstream.csv
South-East Asia Region,2022,THA,Thailand,Bloodstream,Acinetobacter spp.,Meropenem,1127,652,57.8527063,1784926971312_Resistance_to_antibiotics_in_2022_South-East_Asia_Region-Bloodstream.csv
South-East Asia Region,2022,TLS,Timor-Leste,Bloodstream,Acinetobacter spp.,Amikacin,31,12,38.709677419,1784926971312_Resistance_to_antibiotics_in_2022_South-East_Asia_Region-Bloodstream.csv
South-East Asia Region,2022,TLS,Timor-Leste,Bloodstream,Acinetobacter spp.,Colistin,25,0,0,1784926971312_Resistance_to_antibiotics_in_2022_South-East_Asia_Region-Bloodstream.csv
South-East Asia Region,2022,TLS,Timor-Leste,Bloodstream,Acinetobacter spp.,Gentamicin,23,16,69.565217391,1784926971312_Resistance_to_antibiotics_in_2022_South-East_Asia_Region-Bloodstream.csv
South-East Asia Region,2022,TLS,Timor-Leste,Bloodstream,Acinetobacter spp.,Imipenem,23,9,39.130434783,1784926971312_Resistance_to_antibiotics_in_2022_South-East_Asia_Region-Bloodstream.csv
South-East Asia Region,2022,TLS,Timor-Leste,Bloodstream,Acinetobacter spp.,Meropenem,23,9,39.130434783,1784926971312_Resistance_to_antibiotics_in_2022_South-East_Asia_Region-Bloodstream.csv
South-East Asia Region,2023,BGD,Bangladesh,Bloodstream,Acinetobacter spp.,Amikacin,75,59,78.666666667,1784926971311_Resistance_to_antibiotics_in_2023_South-East_Asia_Region-Bloodstream.csv
South-East Asia Region,2023,BGD,Bangladesh,Bloodstream,Acinetobacter spp.,Gentamicin,75,56,74.666666667,1784926971311_Resistance_to_antibiotics_in_2023_South-East_Asia_Region-Bloodstream.csv
South-East Asia Region,2023,BGD,Bangladesh,Bloodstream,Acinetobacter spp.,Imipenem,30,30,100,1784926971311_Resistance_to_antibiotics_in_2023_South-East_Asia_Region-Bloodstream.csv
South-East Asia Region,2023,BGD,Bangladesh,Bloodstream,Acinetobacter spp.,Meropenem,63,52,82.53968254,1784926971311_Resistance_to_antibiotics_in_2023_South-East_Asia_Region-Bloodstream.csv
South-East Asia Region,2023,BTN,Bhutan,Bloodstream,Acinetobacter spp.,Amikacin,16,14,87.5,1784926971311_Resistance_to_antibiotics_in_2023_South-East_Asia_Region-Bloodstream.csv
South-East Asia Region,2023,BTN,Bhutan,Bloodstream,Acinetobacter spp.,Gentamicin,16,13,81.25,1784926971311_Resistance_to_antibiotics_in_2023_South-East_Asia_Region-Bloodstream.csv
South-East Asia Region,2023,BTN,Bhutan,Bloodstream,Acinetobacter spp.,Imipenem,10,9,90,1784926971311_Resistance_to_antibiotics_in_2023_South-East_Asia_Region-Bloodstream.csv
South-East Asia Region,2023,BTN,Bhutan,Bloodstream,Acinetobacter spp.,Meropenem,16,14,87.5,1784926971311_Resistance_to_antibiotics_in_2023_South-East_Asia_Region-Bloodstream.csv
South-East Asia Region,2023,IND,India,Bloodstream,Acinetobacter spp.,Amikacin,10244,6477,63.227254979,1784926971311_Resistance_to_antibiotics_in_2023_South-East_Asia_Region-Bloodstream.csv
South-East Asia Region,2023,IND,India,Bloodstream,Acinetobacter spp.,Colistin,6726,65,0.966399048,1784926971311_Resistance_to_antibiotics_in_2023_South-East_Asia_Region-Bloodstream.csv
South-East Asia Region,2023,IND,India,Bloodstream,Acinetobacter spp.,Gentamicin,8298,4940,59.53241745,1784926971311_Resistance_to_antibiotics_in_2023_South-East_Asia_Region-Bloodstream.csv
South-East Asia Region,2023,IND,India,Bloodstream,Acinetobacter spp.,Imipenem,9946,7102,71.405590187,1784926971311_Resistance_to_antibiotics_in_2023_South-East_Asia_Region-Bloodstream.csv
South-East Asia Region,2023,IND,India,Bloodstream,Acinetobacter spp.,Meropenem,7827,5394,68.915293216,1784926971311_Resistance_to_antibiotics_in_2023_South-East_Asia_Region-Bloodstream.csv
South-East Asia Region,2023,IND,India,Bloodstream,Acinetobacter spp.,Minocycline,7839,2073,26.444699579,1784926971311_Resistance_to_antibiotics_in_2023_South-East_Asia_Region-Bloodstream.csv
South-East Asia Region,2023,IDN,Indonesia,Bloodstream,Acinetobacter spp.,Amikacin,1795,756,42.116991643,1784926971311_Resistance_to_antibiotics_in_2023_South-East_Asia_Region-Bloodstream.csv
South-East Asia Region,2023,IDN,Indonesia,Bloodstream,Acinetobacter spp.,Colistin,79,15,18.987341772,1784926971311_Resistance_to_antibiotics_in_2023_South-East_Asia_Region-Bloodstream.csv
South-East Asia Region,2023,IDN,Indonesia,Bloodstream,Acinetobacter spp.,Doripenem,224,129,57.589285714,1784926971311_Resistance_to_antibiotics_in_2023_South-East_Asia_Region-Bloodstream.csv
South-East Asia Region,2023,IDN,Indonesia,Bloodstream,Acinetobacter spp.,Gentamicin,1787,1085,60.716284275,1784926971311_Resistance_to_antibiotics_in_2023_South-East_Asia_Region-Bloodstream.csv
South-East Asia Region,2023,IDN,Indonesia,Bloodstream,Acinetobacter spp.,Imipenem,848,554,65.330188679,1784926971311_Resistance_to_antibiotics_in_2023_South-East_Asia_Region-Bloodstream.csv
South-East Asia Region,2023,IDN,Indonesia,Bloodstream,Acinetobacter spp.,Meropenem,1706,1000,58.616647128,1784926971311_Resistance_to_antibiotics_in_2023_South-East_Asia_Region-Bloodstream.csv
South-East Asia Region,2023,IDN,Indonesia,Bloodstream,Acinetobacter spp.,Tigecycline,1306,143,10.949464012,1784926971311_Resistance_to_antibiotics_in_2023_South-East_Asia_Region-Bloodstream.csv
South-East Asia Region,2023,MDV,Maldives,Bloodstream,Acinetobacter spp.,Colistin,12,1,8.333333333,1784926971311_Resistance_to_antibiotics_in_2023_South-East_Asia_Region-Bloodstream.csv
South-East Asia Region,2023,MDV,Maldives,Bloodstream,Acinetobacter spp.,Gentamicin,12,4,33.333333333,1784926971311_Resistance_to_antibiotics_in_2023_South-East_Asia_Region-Bloodstream.csv
South-East Asia Region,2023,MDV,Maldives,Bloodstream,Acinetobacter spp.,Imipenem,12,3,25,1784926971311_Resistance_to_antibiotics_in_2023_South-East_Asia_Region-Bloodstream.csv
South-East Asia Region,2023,MDV,Maldives,Bloodstream,Acinetobacter spp.,Meropenem,12,3,25,1784926971311_Resistance_to_antibiotics_in_2023_South-East_Asia_Region-Bloodstream.csv
South-East Asia Region,2023,MMR,Myanmar,Bloodstream,Acinetobacter spp.,Amikacin,12,1,8.333333333,1784926971311_Resistance_to_antibiotics_in_2023_South-East_Asia_Region-Bloodstream.csv
South-East Asia Region,2023,MMR,Myanmar,Bloodstream,Acinetobacter spp.,Gentamicin,12,3,25,1784926971311_Resistance_to_antibiotics_in_2023_South-East_Asia_Region-Bloodstream.csv
South-East Asia Region,2023,MMR,Myanmar,Bloodstream,Acinetobacter spp.,Imipenem,12,4,33.333333333,1784926971311_Resistance_to_antibiotics_in_2023_South-East_Asia_Region-Bloodstream.csv
South-East Asia Region,2023,NPL,Nepal,Bloodstream,Acinetobacter spp.,Amikacin,486,226,46.502057613,1784926971311_Resistance_to_antibiotics_in_2023_South-East_Asia_Region-Bloodstream.csv
South-East Asia Region,2023,NPL,Nepal,Bloodstream,Acinetobacter spp.,Gentamicin,492,232,47.154471545,1784926971311_Resistance_to_antibiotics_in_2023_South-East_Asia_Region-Bloodstream.csv
South-East Asia Region,2023,NPL,Nepal,Bloodstream,Acinetobacter spp.,Imipenem,273,142,52.014652015,1784926971311_Resistance_to_antibiotics_in_2023_South-East_Asia_Region-Bloodstream.csv
South-East Asia Region,2023,NPL,Nepal,Bloodstream,Acinetobacter spp.,Meropenem,451,212,47.006651885,1784926971311_Resistance_to_antibiotics_in_2023_South-East_Asia_Region-Bloodstream.csv
South-East Asia Region,2023,LKA,Sri Lanka,Bloodstream,Acinetobacter spp.,Imipenem,55,41,74.545454545,1784926971311_Resistance_to_antibiotics_in_2023_South-East_Asia_Region-Bloodstream.csv
South-East Asia Region,2023,LKA,Sri Lanka,Bloodstream,Acinetobacter spp.,Meropenem,66,47,71.212121212,1784926971311_Resistance_to_antibiotics_in_2023_South-East_Asia_Region-Bloodstream.csv
South-East Asia Region,2023,THA,Thailand,Bloodstream,Acinetobacter spp.,Amikacin,1874,871,46.478121665,1784926971311_Resistance_to_antibiotics_in_2023_South-East_Asia_Region-Bloodstream.csv
South-East Asia Region,2023,THA,Thailand,Bloodstream,Acinetobacter spp.,Colistin,1110,9,0.810810811,1784926971311_Resistance_to_antibiotics_in_2023_South-East_Asia_Region-Bloodstream.csv
South-East Asia Region,2023,THA,Thailand,Bloodstream,Acinetobacter spp.,Doripenem,656,415,63.262195122,1784926971311_Resistance_to_antibiotics_in_2023_South-East_Asia_Region-Bloodstream.csv
South-East Asia Region,2023,THA,Thailand,Bloodstream,Acinetobacter spp.,Gentamicin,1533,848,55.316373125,1784926971311_Resistance_to_antibiotics_in_2023_South-East_Asia_Region-Bloodstream.csv
South-East Asia Region,2023,THA,Thailand,Bloodstream,Acinetobacter spp.,Imipenem,2078,1357,65.303176131,1784926971311_Resistance_to_antibiotics_in_2023_South-East_Asia_Region-Bloodstream.csv
South-East Asia Region,2023,THA,Thailand,Bloodstream,Acinetobacter spp.,Meropenem,2095,1362,65.011933174,1784926971311_Resistance_to_antibiotics_in_2023_South-East_Asia_Region-Bloodstream.csv
South-East Asia Region,2023,TLS,Timor-Leste,Bloodstream,Acinetobacter spp.,Amikacin,17,2,11.764705882,1784926971311_Resistance_to_antibiotics_in_2023_South-East_Asia_Region-Bloodstream.csv
South-East Asia Region,2023,TLS,Timor-Leste,Bloodstream,Acinetobacter spp.,Gentamicin,16,5,31.25,1784926971311_Resistance_to_antibiotics_in_2023_South-East_Asia_Region-Bloodstream.csv
South-East Asia Region,2023,TLS,Timor-Leste,Bloodstream,Acinetobacter spp.,Meropenem,17,6,35.294117647,1784926971311_Resistance_to_antibiotics_in_2023_South-East_Asia_Region-Bloodstream.csv
Western Pacific Region,2020,AUS,Australia,Bloodstream,Acinetobacter spp.,Amikacin,84,2,2.380952381,Resistance_to_antibiotics_in_2020_Western_Pacific_Region-Bloodstream.csv
Western Pacific Region,2020,AUS,Australia,Bloodstream,Acinetobacter spp.,Colistin,17,1,5.882352941,Resistance_to_antibiotics_in_2020_Western_Pacific_Region-Bloodstream.csv
Western Pacific Region,2020,AUS,Australia,Bloodstream,Acinetobacter spp.,Gentamicin,99,3,3.03030303,Resistance_to_antibiotics_in_2020_Western_Pacific_Region-Bloodstream.csv
Western Pacific Region,2020,AUS,Australia,Bloodstream,Acinetobacter spp.,Imipenem,17,0,0,Resistance_to_antibiotics_in_2020_Western_Pacific_Region-Bloodstream.csv
Western Pacific Region,2020,AUS,Australia,Bloodstream,Acinetobacter spp.,Meropenem,98,1,1.020408163,Resistance_to_antibiotics_in_2020_Western_Pacific_Region-Bloodstream.csv
Western Pacific Region,2020,BRN,Brunei Darussalam,Bloodstream,Acinetobacter spp.,Amikacin,128,12,9.375,Resistance_to_antibiotics_in_2020_Western_Pacific_Region-Bloodstream.csv
Western Pacific Region,2020,BRN,Brunei Darussalam,Bloodstream,Acinetobacter spp.,Gentamicin,133,34,25.563909774,Resistance_to_antibiotics_in_2020_Western_Pacific_Region-Bloodstream.csv
Western Pacific Region,2020,BRN,Brunei Darussalam,Bloodstream,Acinetobacter spp.,Meropenem,134,104,77.611940299,Resistance_to_antibiotics_in_2020_Western_Pacific_Region-Bloodstream.csv
Western Pacific Region,2020,KHM,Cambodia,Bloodstream,Acinetobacter spp.,Amikacin,418,141,33.732057416,Resistance_to_antibiotics_in_2020_Western_Pacific_Region-Bloodstream.csv
Western Pacific Region,2020,KHM,Cambodia,Bloodstream,Acinetobacter spp.,Gentamicin,421,187,44.418052257,Resistance_to_antibiotics_in_2020_Western_Pacific_Region-Bloodstream.csv
Western Pacific Region,2020,KHM,Cambodia,Bloodstream,Acinetobacter spp.,Meropenem,424,93,21.933962264,Resistance_to_antibiotics_in_2020_Western_Pacific_Region-Bloodstream.csv
Western Pacific Region,2020,JPN,Japan,Bloodstream,Acinetobacter spp.,Amikacin,1595,11,0.689655172,Resistance_to_antibiotics_in_2020_Western_Pacific_Region-Bloodstream.csv
Western Pacific Region,2020,JPN,Japan,Bloodstream,Acinetobacter spp.,Imipenem,1416,11,0.776836158,Resistance_to_antibiotics_in_2020_Western_Pacific_Region-Bloodstream.csv
Western Pacific Region,2020,JPN,Japan,Bloodstream,Acinetobacter spp.,Meropenem,1612,14,0.868486352,Resistance_to_antibiotics_in_2020_Western_Pacific_Region-Bloodstream.csv
Western Pacific Region,2020,JPN,Japan,Bloodstream,Acinetobacter spp.,Minocycline,1504,7,0.465425532,Resistance_to_antibiotics_in_2020_Western_Pacific_Region-Bloodstream.csv
Western Pacific Region,2020,LAO,Lao People's Democratic Republic,Bloodstream,Acinetobacter spp.,Gentamicin,28,1,3.571428571,Resistance_to_antibiotics_in_2020_Western_Pacific_Region-Bloodstream.csv
Western Pacific Region,2020,MYS,Malaysia,Bloodstream,Acinetobacter spp.,Amikacin,1653,681,41.197822142,Resistance_to_antibiotics_in_2020_Western_Pacific_Region-Bloodstream.csv
Western Pacific Region,2020,MYS,Malaysia,Bloodstream,Acinetobacter spp.,Colistin,41,0,0,Resistance_to_antibiotics_in_2020_Western_Pacific_Region-Bloodstream.csv
Western Pacific Region,2020,MYS,Malaysia,Bloodstream,Acinetobacter spp.,Gentamicin,1600,744,46.5,Resistance_to_antibiotics_in_2020_Western_Pacific_Region-Bloodstream.csv
Western Pacific Region,2020,MYS,Malaysia,Bloodstream,Acinetobacter spp.,Imipenem,1641,831,50.639853748,Resistance_to_antibiotics_in_2020_Western_Pacific_Region-Bloodstream.csv
Western Pacific Region,2020,MYS,Malaysia,Bloodstream,Acinetobacter spp.,Meropenem,1609,826,51.336233686,Resistance_to_antibiotics_in_2020_Western_Pacific_Region-Bloodstream.csv
Western Pacific Region,2020,MYS,Malaysia,Bloodstream,Acinetobacter spp.,Tigecycline,172,16,9.302325581,Resistance_to_antibiotics_in_2020_Western_Pacific_Region-Bloodstream.csv
Western Pacific Region,2020,PHL,Philippines,Bloodstream,Acinetobacter spp.,Amikacin,452,76,16.814159292,Resistance_to_antibiotics_in_2020_Western_Pacific_Region-Bloodstream.csv
Western Pacific Region,2020,PHL,Philippines,Bloodstream,Acinetobacter spp.,Colistin,447,14,3.131991051,Resistance_to_antibiotics_in_2020_Western_Pacific_Region-Bloodstream.csv
Western Pacific Region,2020,PHL,Philippines,Bloodstream,Acinetobacter spp.,Doripenem,36,5,13.888888889,Resistance_to_antibiotics_in_2020_Western_Pacific_Region-Bloodstream.csv
Western Pacific Region,2020,PHL,Philippines,Bloodstream,Acinetobacter spp.,Gentamicin,850,272,32,Resistance_to_antibiotics_in_2020_Western_Pacific_Region-Bloodstream.csv
Western Pacific Region,2020,PHL,Philippines,Bloodstream,Acinetobacter spp.,Imipenem,854,321,37.587822014,Resistance_to_antibiotics_in_2020_Western_Pacific_Region-Bloodstream.csv
Western Pacific Region,2020,PHL,Philippines,Bloodstream,Acinetobacter spp.,Meropenem,844,309,36.611374408,Resistance_to_antibiotics_in_2020_Western_Pacific_Region-Bloodstream.csv
Western Pacific Region,2020,PHL,Philippines,Bloodstream,Acinetobacter spp.,Minocycline,248,0,0,Resistance_to_antibiotics_in_2020_Western_Pacific_Region-Bloodstream.csv
Western Pacific Region,2020,KOR,Republic of Korea,Bloodstream,Acinetobacter spp.,Amikacin,217,122,56.221198157,Resistance_to_antibiotics_in_2020_Western_Pacific_Region-Bloodstream.csv
Western Pacific Region,2020,KOR,Republic of Korea,Bloodstream,Acinetobacter spp.,Colistin,217,19,8.755760369,Resistance_to_antibiotics_in_2020_Western_Pacific_Region-Bloodstream.csv
Western Pacific Region,2020,KOR,Republic of Korea,Bloodstream,Acinetobacter spp.,Gentamicin,217,131,60.368663594,Resistance_to_antibiotics_in_2020_Western_Pacific_Region-Bloodstream.csv
Western Pacific Region,2020,KOR,Republic of Korea,Bloodstream,Acinetobacter spp.,Imipenem,217,156,71.889400922,Resistance_to_antibiotics_in_2020_Western_Pacific_Region-Bloodstream.csv
Western Pacific Region,2020,KOR,Republic of Korea,Bloodstream,Acinetobacter spp.,Meropenem,217,156,71.889400922,Resistance_to_antibiotics_in_2020_Western_Pacific_Region-Bloodstream.csv
Western Pacific Region,2020,KOR,Republic of Korea,Bloodstream,Acinetobacter spp.,Minocycline,217,0,0,Resistance_to_antibiotics_in_2020_Western_Pacific_Region-Bloodstream.csv
Western Pacific Region,2020,KOR,Republic of Korea,Bloodstream,Acinetobacter spp.,Tigecycline,217,4,1.843317972,Resistance_to_antibiotics_in_2020_Western_Pacific_Region-Bloodstream.csv
Western Pacific Region,2020,SGP,Singapore,Bloodstream,Acinetobacter spp.,Amikacin,12,4,33.333333333,Resistance_to_antibiotics_in_2020_Western_Pacific_Region-Bloodstream.csv
Western Pacific Region,2020,SGP,Singapore,Bloodstream,Acinetobacter spp.,Gentamicin,12,5,41.666666667,Resistance_to_antibiotics_in_2020_Western_Pacific_Region-Bloodstream.csv
Western Pacific Region,2020,SGP,Singapore,Bloodstream,Acinetobacter spp.,Imipenem,12,2,16.666666667,Resistance_to_antibiotics_in_2020_Western_Pacific_Region-Bloodstream.csv
Western Pacific Region,2020,SGP,Singapore,Bloodstream,Acinetobacter spp.,Meropenem,12,2,16.666666667,Resistance_to_antibiotics_in_2020_Western_Pacific_Region-Bloodstream.csv
Western Pacific Region,2021,AUS,Australia,Bloodstream,Acinetobacter spp.,Amikacin,75,2,2.666666667,Resistance_to_antibiotics_in_2021_Western_Pacific_Region-Bloodstream.csv
Western Pacific Region,2021,AUS,Australia,Bloodstream,Acinetobacter spp.,Colistin,12,0,0,Resistance_to_antibiotics_in_2021_Western_Pacific_Region-Bloodstream.csv
Western Pacific Region,2021,AUS,Australia,Bloodstream,Acinetobacter spp.,Gentamicin,84,0,0,Resistance_to_antibiotics_in_2021_Western_Pacific_Region-Bloodstream.csv
Western Pacific Region,2021,AUS,Australia,Bloodstream,Acinetobacter spp.,Imipenem,12,0,0,Resistance_to_antibiotics_in_2021_Western_Pacific_Region-Bloodstream.csv
Western Pacific Region,2021,AUS,Australia,Bloodstream,Acinetobacter spp.,Meropenem,83,0,0,Resistance_to_antibiotics_in_2021_Western_Pacific_Region-Bloodstream.csv
Western Pacific Region,2021,BRN,Brunei Darussalam,Bloodstream,Acinetobacter spp.,Amikacin,62,43,69.35483871,Resistance_to_antibiotics_in_2021_Western_Pacific_Region-Bloodstream.csv
Western Pacific Region,2021,BRN,Brunei Darussalam,Bloodstream,Acinetobacter spp.,Colistin,36,1,2.777777778,Resistance_to_antibiotics_in_2021_Western_Pacific_Region-Bloodstream.csv
Western Pacific Region,2021,BRN,Brunei Darussalam,Bloodstream,Acinetobacter spp.,Gentamicin,76,30,39.473684211,Resistance_to_antibiotics_in_2021_Western_Pacific_Region-Bloodstream.csv
Western Pacific Region,2021,BRN,Brunei Darussalam,Bloodstream,Acinetobacter spp.,Imipenem,66,52,78.787878788,Resistance_to_antibiotics_in_2021_Western_Pacific_Region-Bloodstream.csv
Western Pacific Region,2021,BRN,Brunei Darussalam,Bloodstream,Acinetobacter spp.,Meropenem,81,62,76.543209877,Resistance_to_antibiotics_in_2021_Western_Pacific_Region-Bloodstream.csv
Western Pacific Region,2021,JPN,Japan,Bloodstream,Acinetobacter spp.,Amikacin,1616,27,1.670792079,Resistance_to_antibiotics_in_2021_Western_Pacific_Region-Bloodstream.csv
Western Pacific Region,2021,JPN,Japan,Bloodstream,Acinetobacter spp.,Imipenem,1470,11,0.74829932,Resistance_to_antibiotics_in_2021_Western_Pacific_Region-Bloodstream.csv
Western Pacific Region,2021,JPN,Japan,Bloodstream,Acinetobacter spp.,Meropenem,1628,13,0.798525799,Resistance_to_antibiotics_in_2021_Western_Pacific_Region-Bloodstream.csv
Western Pacific Region,2021,JPN,Japan,Bloodstream,Acinetobacter spp.,Minocycline,1495,2,0.133779264,Resistance_to_antibiotics_in_2021_Western_Pacific_Region-Bloodstream.csv
Western Pacific Region,2021,LAO,Lao People's Democratic Republic,Bloodstream,Acinetobacter spp.,Amikacin,12,7,58.333333333,Resistance_to_antibiotics_in_2021_Western_Pacific_Region-Bloodstream.csv
Western Pacific Region,2021,LAO,Lao People's Democratic Republic,Bloodstream,Acinetobacter spp.,Gentamicin,17,7,41.176470588,Resistance_to_antibiotics_in_2021_Western_Pacific_Region-Bloodstream.csv
Western Pacific Region,2021,LAO,Lao People's Democratic Republic,Bloodstream,Acinetobacter spp.,Imipenem,12,10,83.333333333,Resistance_to_antibiotics_in_2021_Western_Pacific_Region-Bloodstream.csv
Western Pacific Region,2021,LAO,Lao People's Democratic Republic,Bloodstream,Acinetobacter spp.,Meropenem,12,8,66.666666667,Resistance_to_antibiotics_in_2021_Western_Pacific_Region-Bloodstream.csv
Western Pacific Region,2021,MYS,Malaysia,Bloodstream,Acinetobacter spp.,Amikacin,2945,1320,44.821731749,Resistance_to_antibiotics_in_2021_Western_Pacific_Region-Bloodstream.csv
Western Pacific Region,2021,MYS,Malaysia,Bloodstream,Acinetobacter spp.,Colistin,182,1,0.549450549,Resistance_to_antibiotics_in_2021_Western_Pacific_Region-Bloodstream.csv
Western Pacific Region,2021,MYS,Malaysia,Bloodstream,Acinetobacter spp.,Gentamicin,2873,1446,50.33066481,Resistance_to_antibiotics_in_2021_Western_Pacific_Region-Bloodstream.csv
Western Pacific Region,2021,MYS,Malaysia,Bloodstream,Acinetobacter spp.,Imipenem,2923,1670,57.13308245,Resistance_to_antibiotics_in_2021_Western_Pacific_Region-Bloodstream.csv
Western Pacific Region,2021,MYS,Malaysia,Bloodstream,Acinetobacter spp.,Meropenem,2916,1733,59.430727023,Resistance_to_antibiotics_in_2021_Western_Pacific_Region-Bloodstream.csv
Western Pacific Region,2021,PHL,Philippines,Bloodstream,Acinetobacter spp.,Amikacin,624,155,24.83974359,Resistance_to_antibiotics_in_2021_Western_Pacific_Region-Bloodstream.csv
Western Pacific Region,2021,PHL,Philippines,Bloodstream,Acinetobacter spp.,Colistin,500,206,41.2,Resistance_to_antibiotics_in_2021_Western_Pacific_Region-Bloodstream.csv
Western Pacific Region,2021,PHL,Philippines,Bloodstream,Acinetobacter spp.,Doripenem,53,21,39.622641509,Resistance_to_antibiotics_in_2021_Western_Pacific_Region-Bloodstream.csv
Western Pacific Region,2021,PHL,Philippines,Bloodstream,Acinetobacter spp.,Gentamicin,1125,450,40,Resistance_to_antibiotics_in_2021_Western_Pacific_Region-Bloodstream.csv
Western Pacific Region,2021,PHL,Philippines,Bloodstream,Acinetobacter spp.,Imipenem,1152,585,50.78125,Resistance_to_antibiotics_in_2021_Western_Pacific_Region-Bloodstream.csv
Western Pacific Region,2021,PHL,Philippines,Bloodstream,Acinetobacter spp.,Meropenem,1110,567,51.081081081,Resistance_to_antibiotics_in_2021_Western_Pacific_Region-Bloodstream.csv
Western Pacific Region,2021,PHL,Philippines,Bloodstream,Acinetobacter spp.,Minocycline,402,15,3.731343284,Resistance_to_antibiotics_in_2021_Western_Pacific_Region-Bloodstream.csv
Western Pacific Region,2021,KOR,Republic of Korea,Bloodstream,Acinetobacter spp.,Amikacin,265,183,69.056603774,Resistance_to_antibiotics_in_2021_Western_Pacific_Region-Bloodstream.csv
Western Pacific Region,2021,KOR,Republic of Korea,Bloodstream,Acinetobacter spp.,Colistin,265,6,2.264150943,Resistance_to_antibiotics_in_2021_Western_Pacific_Region-Bloodstream.csv
Western Pacific Region,2021,KOR,Republic of Korea,Bloodstream,Acinetobacter spp.,Gentamicin,265,196,73.962264151,Resistance_to_antibiotics_in_2021_Western_Pacific_Region-Bloodstream.csv
Western Pacific Region,2021,KOR,Republic of Korea,Bloodstream,Acinetobacter spp.,Imipenem,265,204,76.981132075,Resistance_to_antibiotics_in_2021_Western_Pacific_Region-Bloodstream.csv
Western Pacific Region,2021,KOR,Republic of Korea,Bloodstream,Acinetobacter spp.,Meropenem,265,204,76.981132075,Resistance_to_antibiotics_in_2021_Western_Pacific_Region-Bloodstream.csv
Western Pacific Region,2021,KOR,Republic of Korea,Bloodstream,Acinetobacter spp.,Minocycline,265,2,0.754716981,Resistance_to_antibiotics_in_2021_Western_Pacific_Region-Bloodstream.csv
Western Pacific Region,2021,KOR,Republic of Korea,Bloodstream,Acinetobacter spp.,Tigecycline,265,27,10.188679245,Resistance_to_antibiotics_in_2021_Western_Pacific_Region-Bloodstream.csv
Western Pacific Region,2021,SGP,Singapore,Bloodstream,Acinetobacter spp.,Amikacin,49,15,30.612244898,Resistance_to_antibiotics_in_2021_Western_Pacific_Region-Bloodstream.csv
Western Pacific Region,2021,SGP,Singapore,Bloodstream,Acinetobacter spp.,Gentamicin,49,15,30.612244898,Resistance_to_antibiotics_in_2021_Western_Pacific_Region-Bloodstream.csv
Western Pacific Region,2021,SGP,Singapore,Bloodstream,Acinetobacter spp.,Imipenem,21,6,28.571428571,Resistance_to_antibiotics_in_2021_Western_Pacific_Region-Bloodstream.csv
Western Pacific Region,2021,SGP,Singapore,Bloodstream,Acinetobacter spp.,Meropenem,49,18,36.734693878,Resistance_to_antibiotics_in_2021_Western_Pacific_Region-Bloodstream.csv
Western Pacific Region,2022,AUS,Australia,Bloodstream,Acinetobacter spp.,Amikacin,87,2,2.298850575,Resistance_to_antibiotics_in_2022_Western_Pacific_Region-Bloodstream.csv
Western Pacific Region,2022,AUS,Australia,Bloodstream,Acinetobacter spp.,Colistin,16,0,0,Resistance_to_antibiotics_in_2022_Western_Pacific_Region-Bloodstream.csv
Western Pacific Region,2022,AUS,Australia,Bloodstream,Acinetobacter spp.,Gentamicin,110,2,1.818181818,Resistance_to_antibiotics_in_2022_Western_Pacific_Region-Bloodstream.csv
Western Pacific Region,2022,AUS,Australia,Bloodstream,Acinetobacter spp.,Imipenem,16,0,0,Resistance_to_antibiotics_in_2022_Western_Pacific_Region-Bloodstream.csv
Western Pacific Region,2022,AUS,Australia,Bloodstream,Acinetobacter spp.,Meropenem,106,2,1.886792453,Resistance_to_antibiotics_in_2022_Western_Pacific_Region-Bloodstream.csv
Western Pacific Region,2022,BRN,Brunei Darussalam,Bloodstream,Acinetobacter spp.,Amikacin,71,17,23.943661972,Resistance_to_antibiotics_in_2022_Western_Pacific_Region-Bloodstream.csv
Western Pacific Region,2022,BRN,Brunei Darussalam,Bloodstream,Acinetobacter spp.,Colistin,16,1,6.25,Resistance_to_antibiotics_in_2022_Western_Pacific_Region-Bloodstream.csv
Western Pacific Region,2022,BRN,Brunei Darussalam,Bloodstream,Acinetobacter spp.,Gentamicin,94,45,47.872340426,Resistance_to_antibiotics_in_2022_Western_Pacific_Region-Bloodstream.csv
Western Pacific Region,2022,BRN,Brunei Darussalam,Bloodstream,Acinetobacter spp.,Imipenem,71,56,78.873239437,Resistance_to_antibiotics_in_2022_Western_Pacific_Region-Bloodstream.csv
Western Pacific Region,2022,BRN,Brunei Darussalam,Bloodstream,Acinetobacter spp.,Meropenem,98,80,81.632653061,Resistance_to_antibiotics_in_2022_Western_Pacific_Region-Bloodstream.csv
Western Pacific Region,2022,KHM,Cambodia,Bloodstream,Acinetobacter spp.,Amikacin,181,37,20.44198895,Resistance_to_antibiotics_in_2022_Western_Pacific_Region-Bloodstream.csv
Western Pacific Region,2022,KHM,Cambodia,Bloodstream,Acinetobacter spp.,Gentamicin,173,66,38.150289017,Resistance_to_antibiotics_in_2022_Western_Pacific_Region-Bloodstream.csv
Western Pacific Region,2022,KHM,Cambodia,Bloodstream,Acinetobacter spp.,Meropenem,194,70,36.082474227,Resistance_to_antibiotics_in_2022_Western_Pacific_Region-Bloodstream.csv
Western Pacific Region,2022,HKG,"China, Hong Kong SAR",Bloodstream,Acinetobacter spp.,Amikacin,224,68,30.357142857,Resistance_to_antibiotics_in_2022_Western_Pacific_Region-Bloodstream.csv
Western Pacific Region,2022,HKG,"China, Hong Kong SAR",Bloodstream,Acinetobacter spp.,Colistin,96,0,0,Resistance_to_antibiotics_in_2022_Western_Pacific_Region-Bloodstream.csv
Western Pacific Region,2022,HKG,"China, Hong Kong SAR",Bloodstream,Acinetobacter spp.,Gentamicin,223,72,32.286995516,Resistance_to_antibiotics_in_2022_Western_Pacific_Region-Bloodstream.csv
Western Pacific Region,2022,HKG,"China, Hong Kong SAR",Bloodstream,Acinetobacter spp.,Imipenem,221,146,66.063348416,Resistance_to_antibiotics_in_2022_Western_Pacific_Region-Bloodstream.csv
Western Pacific Region,2022,HKG,"China, Hong Kong SAR",Bloodstream,Acinetobacter spp.,Meropenem,195,134,68.717948718,Resistance_to_antibiotics_in_2022_Western_Pacific_Region-Bloodstream.csv
Western Pacific Region,2022,HKG,"China, Hong Kong SAR",Bloodstream,Acinetobacter spp.,Minocycline,178,11,6.179775281,Resistance_to_antibiotics_in_2022_Western_Pacific_Region-Bloodstream.csv
Western Pacific Region,2022,HKG,"China, Hong Kong SAR",Bloodstream,Acinetobacter spp.,Tigecycline,45,2,4.444444444,Resistance_to_antibiotics_in_2022_Western_Pacific_Region-Bloodstream.csv
Western Pacific Region,2022,JPN,Japan,Bloodstream,Acinetobacter spp.,Amikacin,1656,24,1.449275362,Resistance_to_antibiotics_in_2022_Western_Pacific_Region-Bloodstream.csv
Western Pacific Region,2022,JPN,Japan,Bloodstream,Acinetobacter spp.,Gentamicin,1476,68,4.60704607,Resistance_to_antibiotics_in_2022_Western_Pacific_Region-Bloodstream.csv
Western Pacific Region,2022,JPN,Japan,Bloodstream,Acinetobacter spp.,Imipenem,1533,12,0.782778865,Resistance_to_antibiotics_in_2022_Western_Pacific_Region-Bloodstream.csv
Western Pacific Region,2022,JPN,Japan,Bloodstream,Acinetobacter spp.,Meropenem,1692,18,1.063829787,Resistance_to_antibiotics_in_2022_Western_Pacific_Region-Bloodstream.csv
Western Pacific Region,2022,JPN,Japan,Bloodstream,Acinetobacter spp.,Minocycline,1531,4,0.261267146,Resistance_to_antibiotics_in_2022_Western_Pacific_Region-Bloodstream.csv
Western Pacific Region,2022,LAO,Lao People's Democratic Republic,Bloodstream,Acinetobacter spp.,Amikacin,51,15,29.411764706,Resistance_to_antibiotics_in_2022_Western_Pacific_Region-Bloodstream.csv
Western Pacific Region,2022,LAO,Lao People's Democratic Republic,Bloodstream,Acinetobacter spp.,Gentamicin,54,20,37.037037037,Resistance_to_antibiotics_in_2022_Western_Pacific_Region-Bloodstream.csv
Western Pacific Region,2022,LAO,Lao People's Democratic Republic,Bloodstream,Acinetobacter spp.,Imipenem,39,11,28.205128205,Resistance_to_antibiotics_in_2022_Western_Pacific_Region-Bloodstream.csv
Western Pacific Region,2022,LAO,Lao People's Democratic Republic,Bloodstream,Acinetobacter spp.,Meropenem,53,13,24.528301887,Resistance_to_antibiotics_in_2022_Western_Pacific_Region-Bloodstream.csv
Western Pacific Region,2022,PHL,Philippines,Bloodstream,Acinetobacter spp.,Amikacin,715,180,25.174825175,Resistance_to_antibiotics_in_2022_Western_Pacific_Region-Bloodstream.csv
Western Pacific Region,2022,PHL,Philippines,Bloodstream,Acinetobacter spp.,Colistin,527,43,8.159392789,Resistance_to_antibiotics_in_2022_Western_Pacific_Region-Bloodstream.csv
Western Pacific Region,2022,PHL,Philippines,Bloodstream,Acinetobacter spp.,Doripenem,68,24,35.294117647,Resistance_to_antibiotics_in_2022_Western_Pacific_Region-Bloodstream.csv
Western Pacific Region,2022,PHL,Philippines,Bloodstream,Acinetobacter spp.,Gentamicin,1177,425,36.108751062,Resistance_to_antibiotics_in_2022_Western_Pacific_Region-Bloodstream.csv
Western Pacific Region,2022,PHL,Philippines,Bloodstream,Acinetobacter spp.,Imipenem,1197,513,42.857142857,Resistance_to_antibiotics_in_2022_Western_Pacific_Region-Bloodstream.csv
Western Pacific Region,2022,PHL,Philippines,Bloodstream,Acinetobacter spp.,Meropenem,1202,504,41.930116473,Resistance_to_antibiotics_in_2022_Western_Pacific_Region-Bloodstream.csv
Western Pacific Region,2022,PHL,Philippines,Bloodstream,Acinetobacter spp.,Minocycline,460,14,3.043478261,Resistance_to_antibiotics_in_2022_Western_Pacific_Region-Bloodstream.csv
Western Pacific Region,2022,KOR,Republic of Korea,Bloodstream,Acinetobacter spp.,Amikacin,388,270,69.587628866,Resistance_to_antibiotics_in_2022_Western_Pacific_Region-Bloodstream.csv
Western Pacific Region,2022,KOR,Republic of Korea,Bloodstream,Acinetobacter spp.,Colistin,388,10,2.577319588,Resistance_to_antibiotics_in_2022_Western_Pacific_Region-Bloodstream.csv
Western Pacific Region,2022,KOR,Republic of Korea,Bloodstream,Acinetobacter spp.,Gentamicin,388,286,73.711340206,Resistance_to_antibiotics_in_2022_Western_Pacific_Region-Bloodstream.csv
Western Pacific Region,2022,KOR,Republic of Korea,Bloodstream,Acinetobacter spp.,Imipenem,388,319,82.216494845,Resistance_to_antibiotics_in_2022_Western_Pacific_Region-Bloodstream.csv
Western Pacific Region,2022,KOR,Republic of Korea,Bloodstream,Acinetobacter spp.,Meropenem,388,320,82.474226804,Resistance_to_antibiotics_in_2022_Western_Pacific_Region-Bloodstream.csv
Western Pacific Region,2022,KOR,Republic of Korea,Bloodstream,Acinetobacter spp.,Minocycline,388,1,0.257731959,Resistance_to_antibiotics_in_2022_Western_Pacific_Region-Bloodstream.csv
Western Pacific Region,2022,KOR,Republic of Korea,Bloodstream,Acinetobacter spp.,Tigecycline,388,44,11.340206186,Resistance_to_antibiotics_in_2022_Western_Pacific_Region-Bloodstream.csv
Western Pacific Region,2022,SGP,Singapore,Bloodstream,Acinetobacter spp.,Amikacin,46,10,21.739130435,Resistance_to_antibiotics_in_2022_Western_Pacific_Region-Bloodstream.csv
Western Pacific Region,2022,SGP,Singapore,Bloodstream,Acinetobacter spp.,Gentamicin,70,12,17.142857143,Resistance_to_antibiotics_in_2022_Western_Pacific_Region-Bloodstream.csv
Western Pacific Region,2022,SGP,Singapore,Bloodstream,Acinetobacter spp.,Imipenem,24,6,25,Resistance_to_antibiotics_in_2022_Western_Pacific_Region-Bloodstream.csv
Western Pacific Region,2022,SGP,Singapore,Bloodstream,Acinetobacter spp.,Meropenem,70,22,31.428571429,Resistance_to_antibiotics_in_2022_Western_Pacific_Region-Bloodstream.csv
Western Pacific Region,2023,AUS,Australia,Bloodstream,Acinetobacter spp.,Amikacin,112,2,1.785714286,Resistance_to_antibiotics_in_2023_Western_Pacific_Region-Bloodstream.csv
Western Pacific Region,2023,AUS,Australia,Bloodstream,Acinetobacter spp.,Colistin,13,1,7.692307692,Resistance_to_antibiotics_in_2023_Western_Pacific_Region-Bloodstream.csv
Western Pacific Region,2023,AUS,Australia,Bloodstream,Acinetobacter spp.,Gentamicin,128,1,0.78125,Resistance_to_antibiotics_in_2023_Western_Pacific_Region-Bloodstream.csv
Western Pacific Region,2023,AUS,Australia,Bloodstream,Acinetobacter spp.,Imipenem,13,0,0,Resistance_to_antibiotics_in_2023_Western_Pacific_Region-Bloodstream.csv
Western Pacific Region,2023,AUS,Australia,Bloodstream,Acinetobacter spp.,Meropenem,125,1,0.8,Resistance_to_antibiotics_in_2023_Western_Pacific_Region-Bloodstream.csv
Western Pacific Region,2023,BRN,Brunei Darussalam,Bloodstream,Acinetobacter spp.,Amikacin,159,26,16.352201258,Resistance_to_antibiotics_in_2023_Western_Pacific_Region-Bloodstream.csv
Western Pacific Region,2023,BRN,Brunei Darussalam,Bloodstream,Acinetobacter spp.,Colistin,48,3,6.25,Resistance_to_antibiotics_in_2023_Western_Pacific_Region-Bloodstream.csv
Western Pacific Region,2023,BRN,Brunei Darussalam,Bloodstream,Acinetobacter spp.,Gentamicin,159,73,45.911949686,Resistance_to_antibiotics_in_2023_Western_Pacific_Region-Bloodstream.csv
Western Pacific Region,2023,BRN,Brunei Darussalam,Bloodstream,Acinetobacter spp.,Imipenem,158,119,75.316455696,Resistance_to_antibiotics_in_2023_Western_Pacific_Region-Bloodstream.csv
Western Pacific Region,2023,BRN,Brunei Darussalam,Bloodstream,Acinetobacter spp.,Meropenem,159,120,75.471698113,Resistance_to_antibiotics_in_2023_Western_Pacific_Region-Bloodstream.csv
Western Pacific Region,2023,KHM,Cambodia,Bloodstream,Acinetobacter spp.,Amikacin,315,72,22.857142857,Resistance_to_antibiotics_in_2023_Western_Pacific_Region-Bloodstream.csv
Western Pacific Region,2023,KHM,Cambodia,Bloodstream,Acinetobacter spp.,Gentamicin,328,103,31.402439024,Resistance_to_antibiotics_in_2023_Western_Pacific_Region-Bloodstream.csv
Western Pacific Region,2023,KHM,Cambodia,Bloodstream,Acinetobacter spp.,Imipenem,82,35,42.682926829,Resistance_to_antibiotics_in_2023_Western_Pacific_Region-Bloodstream.csv
Western Pacific Region,2023,KHM,Cambodia,Bloodstream,Acinetobacter spp.,Meropenem,329,101,30.699088146,Resistance_to_antibiotics_in_2023_Western_Pacific_Region-Bloodstream.csv
Western Pacific Region,2023,HKG,"China, Hong Kong SAR",Bloodstream,Acinetobacter spp.,Amikacin,226,48,21.238938053,Resistance_to_antibiotics_in_2023_Western_Pacific_Region-Bloodstream.csv
Western Pacific Region,2023,HKG,"China, Hong Kong SAR",Bloodstream,Acinetobacter spp.,Colistin,84,1,1.19047619,Resistance_to_antibiotics_in_2023_Western_Pacific_Region-Bloodstream.csv
Western Pacific Region,2023,HKG,"China, Hong Kong SAR",Bloodstream,Acinetobacter spp.,Gentamicin,226,58,25.663716814,Resistance_to_antibiotics_in_2023_Western_Pacific_Region-Bloodstream.csv
Western Pacific Region,2023,HKG,"China, Hong Kong SAR",Bloodstream,Acinetobacter spp.,Imipenem,223,126,56.502242152,Resistance_to_antibiotics_in_2023_Western_Pacific_Region-Bloodstream.csv
Western Pacific Region,2023,HKG,"China, Hong Kong SAR",Bloodstream,Acinetobacter spp.,Meropenem,190,114,60,Resistance_to_antibiotics_in_2023_Western_Pacific_Region-Bloodstream.csv
Western Pacific Region,2023,HKG,"China, Hong Kong SAR",Bloodstream,Acinetobacter spp.,Minocycline,190,4,2.105263158,Resistance_to_antibiotics_in_2023_Western_Pacific_Region-Bloodstream.csv
Western Pacific Region,2023,HKG,"China, Hong Kong SAR",Bloodstream,Acinetobacter spp.,Tigecycline,45,1,2.222222222,Resistance_to_antibiotics_in_2023_Western_Pacific_Region-Bloodstream.csv
Western Pacific Region,2023,JPN,Japan,Bloodstream,Acinetobacter spp.,Amikacin,1712,16,0.934579439,Resistance_to_antibiotics_in_2023_Western_Pacific_Region-Bloodstream.csv
Western Pacific Region,2023,JPN,Japan,Bloodstream,Acinetobacter spp.,Gentamicin,1529,63,4.120340092,Resistance_to_antibiotics_in_2023_Western_Pacific_Region-Bloodstream.csv
Western Pacific Region,2023,JPN,Japan,Bloodstream,Acinetobacter spp.,Imipenem,1560,12,0.769230769,Resistance_to_antibiotics_in_2023_Western_Pacific_Region-Bloodstream.csv
Western Pacific Region,2023,JPN,Japan,Bloodstream,Acinetobacter spp.,Meropenem,1754,16,0.912200684,Resistance_to_antibiotics_in_2023_Western_Pacific_Region-Bloodstream.csv
Western Pacific Region,2023,JPN,Japan,Bloodstream,Acinetobacter spp.,Minocycline,1589,4,0.251730648,Resistance_to_antibiotics_in_2023_Western_Pacific_Region-Bloodstream.csv
Western Pacific Region,2023,LAO,Lao People's Democratic Republic,Bloodstream,Acinetobacter spp.,Amikacin,58,14,24.137931034,Resistance_to_antibiotics_in_2023_Western_Pacific_Region-Bloodstream.csv
Western Pacific Region,2023,LAO,Lao People's Democratic Republic,Bloodstream,Acinetobacter spp.,Gentamicin,54,19,35.185185185,Resistance_to_antibiotics_in_2023_Western_Pacific_Region-Bloodstream.csv
Western Pacific Region,2023,LAO,Lao People's Democratic Republic,Bloodstream,Acinetobacter spp.,Meropenem,57,12,21.052631579,Resistance_to_antibiotics_in_2023_Western_Pacific_Region-Bloodstream.csv
Western Pacific Region,2023,MYS,Malaysia,Bloodstream,Acinetobacter spp.,Amikacin,2659,883,33.207972922,Resistance_to_antibiotics_in_2023_Western_Pacific_Region-Bloodstream.csv
Western Pacific Region,2023,MYS,Malaysia,Bloodstream,Acinetobacter spp.,Colistin,34,0,0,Resistance_to_antibiotics_in_2023_Western_Pacific_Region-Bloodstream.csv
Western Pacific Region,2023,MYS,Malaysia,Bloodstream,Acinetobacter spp.,Gentamicin,2652,993,37.443438914,Resistance_to_antibiotics_in_2023_Western_Pacific_Region-Bloodstream.csv
Western Pacific Region,2023,MYS,Malaysia,Bloodstream,Acinetobacter spp.,Imipenem,2657,1299,48.889725254,Resistance_to_antibiotics_in_2023_Western_Pacific_Region-Bloodstream.csv
Western Pacific Region,2023,MYS,Malaysia,Bloodstream,Acinetobacter spp.,Meropenem,2640,1318,49.924242424,Resistance_to_antibiotics_in_2023_Western_Pacific_Region-Bloodstream.csv
Western Pacific Region,2023,MYS,Malaysia,Bloodstream,Acinetobacter spp.,Tigecycline,211,27,12.796208531,Resistance_to_antibiotics_in_2023_Western_Pacific_Region-Bloodstream.csv
Western Pacific Region,2023,PHL,Philippines,Bloodstream,Acinetobacter spp.,Amikacin,1007,278,27.606752731,Resistance_to_antibiotics_in_2023_Western_Pacific_Region-Bloodstream.csv
Western Pacific Region,2023,PHL,Philippines,Bloodstream,Acinetobacter spp.,Colistin,398,10,2.512562814,Resistance_to_antibiotics_in_2023_Western_Pacific_Region-Bloodstream.csv
Western Pacific Region,2023,PHL,Philippines,Bloodstream,Acinetobacter spp.,Doripenem,60,24,40,Resistance_to_antibiotics_in_2023_Western_Pacific_Region-Bloodstream.csv
Western Pacific Region,2023,PHL,Philippines,Bloodstream,Acinetobacter spp.,Gentamicin,1428,426,29.831932773,Resistance_to_antibiotics_in_2023_Western_Pacific_Region-Bloodstream.csv
Western Pacific Region,2023,PHL,Philippines,Bloodstream,Acinetobacter spp.,Imipenem,1496,622,41.577540107,Resistance_to_antibiotics_in_2023_Western_Pacific_Region-Bloodstream.csv
Western Pacific Region,2023,PHL,Philippines,Bloodstream,Acinetobacter spp.,Meropenem,1571,605,38.510502864,Resistance_to_antibiotics_in_2023_Western_Pacific_Region-Bloodstream.csv
Western Pacific Region,2023,PHL,Philippines,Bloodstream,Acinetobacter spp.,Minocycline,659,22,3.338391502,Resistance_to_antibiotics_in_2023_Western_Pacific_Region-Bloodstream.csv
Western Pacific Region,2023,KOR,Republic of Korea,Bloodstream,Acinetobacter spp.,Amikacin,394,249,63.197969543,Resistance_to_antibiotics_in_2023_Western_Pacific_Region-Bloodstream.csv
Western Pacific Region,2023,KOR,Republic of Korea,Bloodstream,Acinetobacter spp.,Colistin,394,4,1.015228426,Resistance_to_antibiotics_in_2023_Western_Pacific_Region-Bloodstream.csv
Western Pacific Region,2023,KOR,Republic of Korea,Bloodstream,Acinetobacter spp.,Gentamicin,394,269,68.274111675,Resistance_to_antibiotics_in_2023_Western_Pacific_Region-Bloodstream.csv
Western Pacific Region,2023,KOR,Republic of Korea,Bloodstream,Acinetobacter spp.,Imipenem,394,305,77.411167513,Resistance_to_antibiotics_in_2023_Western_Pacific_Region-Bloodstream.csv
Western Pacific Region,2023,KOR,Republic of Korea,Bloodstream,Acinetobacter spp.,Meropenem,394,308,78.172588832,Resistance_to_antibiotics_in_2023_Western_Pacific_Region-Bloodstream.csv
Western Pacific Region,2023,KOR,Republic of Korea,Bloodstream,Acinetobacter spp.,Minocycline,394,28,7.106598985,Resistance_to_antibiotics_in_2023_Western_Pacific_Region-Bloodstream.csv
Western Pacific Region,2023,KOR,Republic of Korea,Bloodstream,Acinetobacter spp.,Tigecycline,394,8,2.030456853,Resistance_to_antibiotics_in_2023_Western_Pacific_Region-Bloodstream.csv
Western Pacific Region,2023,SGP,Singapore,Bloodstream,Acinetobacter spp.,Amikacin,47,8,17.021276596,Resistance_to_antibiotics_in_2023_Western_Pacific_Region-Bloodstream.csv
Western Pacific Region,2023,SGP,Singapore,Bloodstream,Acinetobacter spp.,Gentamicin,46,6,13.043478261,Resistance_to_antibiotics_in_2023_Western_Pacific_Region-Bloodstream.csv
Western Pacific Region,2023,SGP,Singapore,Bloodstream,Acinetobacter spp.,Meropenem,47,10,21.276595745,Resistance_to_antibiotics_in_2023_Western_Pacific_Region-Bloodstream.csv
